sp;site;orig;ID;ind;blk;trt;DOY;size_end;Torig;Porig;Tdest;Pdest
RAN;GUD;GUD;G_C_1;g1;g1;c;245;3;5.87;1925;5.87;1925
RAN;GUD;GUD;G_C_4;g2;g1;c;245;2;5.87;1925;5.87;1925
RAN;GUD;GUD;G_P_1;g3;g1;c;245;3;5.87;1925;5.87;1925
RAN;GUD;GUD;G_P_4;g4;g1;c;245;2.5;5.87;1925;5.87;1925
RAN;GUD;GUD;G_P_2;g5;g1;c;245;2;5.87;1925;5.87;1925
RAN;GUD;GUD;G_C_5;g6;g1;c;245;3;5.87;1925;5.87;1925
RAN;GUD;GUD;G_C_3;g7;g1;c;245;3;5.87;1925;5.87;1925
RAN;GUD;GUD;G_P_5;g8;g1;c;245;3.5;5.87;1925;5.87;1925
RAN;GUD;GUD;G_C_2;g9;g1;c;245;3.5;5.87;1925;5.87;1925
RAN;GUD;GUD;G_P_3;g10;g1;c;245;3.5;5.87;1925;5.87;1925
RAN;GUD;GUD;G_C_3;g11;g2;c;245;3;5.87;1925;5.87;1925
RAN;GUD;GUD;G_P_4;g12;g2;c;245;2;5.87;1925;5.87;1925
RAN;GUD;GUD;G_P_3;g13;g2;c;245;3;5.87;1925;5.87;1925
RAN;GUD;GUD;G_P_1;g14;g2;c;245;2.5;5.87;1925;5.87;1925
RAN;GUD;GUD;G_P_2;g15;g2;c;245;3;5.87;1925;5.87;1925
RAN;GUD;GUD;G_C_1;g16;g2;c;245;3;5.87;1925;5.87;1925
RAN;GUD;GUD;G_C_4;g17;g2;c;245;1.5;5.87;1925;5.87;1925
RAN;GUD;GUD;G_C_2;g18;g2;c;245;2.5;5.87;1925;5.87;1925
RAN;GUD;GUD;G_P_5;g19;g2;c;245;2;5.87;1925;5.87;1925
RAN;GUD;GUD;G_C_5;g20;g2;c;245;2.5;5.87;1925;5.87;1925
RAN;GUD;GUD;G_C_4;g21;g3;c;245;2.5;5.87;1925;5.87;1925
RAN;GUD;GUD;G_C_3;g22;g3;c;245;4;5.87;1925;5.87;1925
RAN;GUD;GUD;G_P_2;g23;g3;c;245;2.5;5.87;1925;5.87;1925
RAN;GUD;GUD;G_P_4;g24;g3;c;245;3;5.87;1925;5.87;1925
RAN;GUD;GUD;G_C_5;g25;g3;c;245;3;5.87;1925;5.87;1925
RAN;GUD;GUD;G_P_3;g26;g3;c;245;1.5;5.87;1925;5.87;1925
RAN;GUD;GUD;G_C_2;g27;g3;c;245;1.5;5.87;1925;5.87;1925
RAN;GUD;GUD;G_C_1;g28;g3;c;245;2.5;5.87;1925;5.87;1925
RAN;GUD;GUD;G_P_1;g29;g3;c;245;3;5.87;1925;5.87;1925
RAN;GUD;GUD;G_P_5;g30;g3;c;245;3.5;5.87;1925;5.87;1925
RAN;RAM;GUD;G_C_14;r1;r1;wa;246;8.5;5.87;1925;8.77;1848
RAN;RAM;RAM;R_P_4;r2;r1;c;246;6;8.77;1848;8.77;1848
RAN;RAM;GUD;G_C_12;r3;r1;wa;246;4.5;5.87;1925;8.77;1848
RAN;RAM;GUD;G_C_2;r4;r1;wa;246;3.5;5.87;1925;8.77;1848
RAN;RAM;GUD;G_C_3;r5;r1;wa;246;3.5;5.87;1925;8.77;1848
RAN;RAM;GUD;G_C_13;r6;r1;wa;246;6.5;5.87;1925;8.77;1848
RAN;RAM;GUD;G_P_4;r7;r1;wa;246;6;5.87;1925;8.77;1848
RAN;RAM;GUD;G_C_4;r8;r1;wa;246;5;5.87;1925;8.77;1848
RAN;RAM;GUD;G_P_13;r9;r1;wa;246;3;5.87;1925;8.77;1848
RAN;RAM;GUD;G_P_1;r10;r1;wa;246;6;5.87;1925;8.77;1848
RAN;RAM;GUD;G_P_3;r11;r1;wa;246;7;5.87;1925;8.77;1848
RAN;RAM;GUD;G_P_12;r12;r1;wa;246;7;5.87;1925;8.77;1848
RAN;RAM;RAM;R_P_1;r13;r1;c;246;3.5;8.77;1848;8.77;1848
RAN;RAM;GUD;G_P_2;r14;r1;wa;246;6.5;5.87;1925;8.77;1848
RAN;RAM;RAM;R_C_1;r15;r1;c;246;6.5;8.77;1848;8.77;1848
RAN;RAM;RAM;R_C_3;r16;r1;c;246;5;8.77;1848;8.77;1848
RAN;RAM;RAM;R_P_3;r17;r1;c;246;5;8.77;1848;8.77;1848
RAN;RAM;RAM;R_C_2;r18;r1;c;246;4.5;8.77;1848;8.77;1848
RAN;RAM;RAM;R_P_2;r19;r1;c;246;4.5;8.77;1848;8.77;1848
RAN;RAM;GUD;G_C_11;r20;r1;wa;246;6;5.87;1925;8.77;1848
RAN;RAM;RAM;R_C_4;r21;r1;c;246;5.5;8.77;1848;8.77;1848
RAN;RAM;GUD;G_P_11;r22;r1;wa;246;4;5.87;1925;8.77;1848
RAN;RAM;GUD;G_P_14;r23;r1;wa;246;NA;5.87;1925;8.77;1848
RAN;RAM;GUD;G_C_1;r24;r1;wa;246;3;5.87;1925;8.77;1848
RAN;RAM;GUD;G_C_5;r25;r1;wa;246;5.5;5.87;1925;8.77;1848
RAN;RAM;GUD;G_C_7;r26;r2;wa;246;5.5;5.87;1925;8.77;1848
RAN;RAM;RAM;R_C_5;r27;r2;c;246;4;8.77;1848;8.77;1848
RAN;RAM;GUD;G_P_16;r28;r2;wa;246;3.5;5.87;1925;8.77;1848
RAN;RAM;GUD;G_C_16;r29;r2;wa;246;NA;5.87;1925;8.77;1848
RAN;RAM;GUD;G_P_18;r30;r2;wa;246;3;5.87;1925;8.77;1848
RAN;RAM;GUD;G_P_8;r31;r2;wa;246;NA;5.87;1925;8.77;1848
RAN;RAM;GUD;G_P_7;r32;r2;wa;246;6.5;5.87;1925;8.77;1848
RAN;RAM;GUD;G_C_15;r33;r2;wa;246;3;5.87;1925;8.77;1848
RAN;RAM;GUD;G_P_5;r34;r2;wa;246;5;5.87;1925;8.77;1848
RAN;RAM;GUD;G_P_15;r35;r2;wa;246;NA;5.87;1925;8.77;1848
RAN;RAM;GUD;G_C_6;r36;r2;wa;246;3.5;5.87;1925;8.77;1848
RAN;RAM;GUD;G_C_17;r37;r2;wa;246;2;5.87;1925;8.77;1848
RAN;RAM;GUD;G_C_8;r38;r2;wa;246;4.5;5.87;1925;8.77;1848
RAN;RAM;RAM;R_P_5;r39;r2;c;246;2.5;8.77;1848;8.77;1848
RAN;RAM;GUD;G_C_18;r40;r2;wa;246;5;5.87;1925;8.77;1848
RAN;RAM;GUD;G_P_6;r41;r2;wa;246;7;5.87;1925;8.77;1848
RAN;RAM;GUD;G_P_17;r42;r2;wa;246;2;5.87;1925;8.77;1848
RAN;RAM;GUD;G_P_9;r43;r2;wa;246;3;5.87;1925;8.77;1848
RAN;RAM;GUD;G_C_9;r44;r2;wa;246;2;5.87;1925;8.77;1848
RAN;RAM;GUD;G_C_20;r45;r2;wa;246;8;5.87;1925;8.77;1848
RAN;RAM;GUD;G_P_10;r46;r2;wa;246;4.5;5.87;1925;8.77;1848
RAN;RAM;GUD;G_C_10;r47;r2;wa;246;9;5.87;1925;8.77;1848
RAN;RAM;GUD;G_C_19;r48;r2;wa;246;4;5.87;1925;8.77;1848
RAN;RAM;GUD;G_P_20;r49;r2;wa;246;NA;5.87;1925;8.77;1848
RAN;RAM;GUD;G_P_19;r50;r2;wa;246;NA;5.87;1925;8.77;1848
RAN;SKJ;GUD;G_P_9;s1;s1;we;245;NA;5.87;1925;6.58;2725
RAN;SKJ;GUD;G_P_4;s2;s1;we;245;2;5.87;1925;6.58;2725
RAN;SKJ;SKJ;S_C_2;s3;s1;c;245;2.5;6.58;2725;6.58;2725
RAN;SKJ;SKJ;S_C_4;s4;s1;c;245;3;6.58;2725;6.58;2725
RAN;SKJ;GUD;G_C_1;s5;s1;we;245;2;5.87;1925;6.58;2725
RAN;SKJ;GUD;G_C_3;s6;s1;we;245;2.5;5.87;1925;6.58;2725
RAN;SKJ;GUD;G_P_6;s7;s1;we;245;2.5;5.87;1925;6.58;2725
RAN;SKJ;GUD;G_C_6;s8;s1;we;245;NA;5.87;1925;6.58;2725
RAN;SKJ;GUD;G_P_3;s9;s1;we;245;2.5;5.87;1925;6.58;2725
RAN;SKJ;GUD;G_P_1;s10;s1;we;245;2.5;5.87;1925;6.58;2725
RAN;SKJ;SKJ;S_P_2;s11;s1;c;245;2;6.58;2725;6.58;2725
RAN;SKJ;GUD;G_C_8;s12;s1;we;245;2;5.87;1925;6.58;2725
RAN;SKJ;GUD;G_C_4;s13;s1;we;245;2.5;5.87;1925;6.58;2725
RAN;SKJ;SKJ;S_P_4;s14;s1;c;245;2;6.58;2725;6.58;2725
RAN;SKJ;SKJ;S_C_3;s15;s1;c;245;1.5;6.58;2725;6.58;2725
RAN;SKJ;SKJ;S_P_1;s16;s1;c;245;2;6.58;2725;6.58;2725
RAN;SKJ;GUD;G_C_7;s17;s1;we;245;2.5;5.87;1925;6.58;2725
RAN;SKJ;SKJ;S_P_6;s18;s1;c;245;2;6.58;2725;6.58;2725
RAN;SKJ;SKJ;S_P_5;s19;s1;c;245;1.5;6.58;2725;6.58;2725
RAN;SKJ;SKJ;S_P_7;s20;s1;c;245;4;6.58;2725;6.58;2725
RAN;SKJ;GUD;G_P_8;s21;s1;we;245;1.5;5.87;1925;6.58;2725
RAN;SKJ;SKJ;S_C_6;s22;s1;c;245;3;6.58;2725;6.58;2725
RAN;SKJ;SKJ;S_C_1;s23;s1;c;245;2;6.58;2725;6.58;2725
RAN;SKJ;GUD;G_P_2;s24;s1;we;245;1.5;5.87;1925;6.58;2725
RAN;SKJ;GUD;G_P_7;s25;s1;we;245;2.5;5.87;1925;6.58;2725
RAN;SKJ;GUD;G_C_2;s26;s1;we;245;4;5.87;1925;6.58;2725
RAN;SKJ;GUD;G_C_9;s27;s1;we;245;2.5;5.87;1925;6.58;2725
RAN;SKJ;SKJ;S_P_3;s28;s1;c;245;2;6.58;2725;6.58;2725
RAN;SKJ;SKJ;S_C_5;s29;s1;c;245;2;6.58;2725;6.58;2725
RAN;SKJ;GUD;G_P_5;s30;s1;we;245;1.5;5.87;1925;6.58;2725
RAN;SKJ;SKJ;S_C_7;s31;s1;c;245;3;6.58;2725;6.58;2725
RAN;SKJ;SKJ;S_P_8;s32;s1;c;245;3;6.58;2725;6.58;2725
RAN;SKJ;GUD;G_P_10;s33;s1;we;245;2.5;5.87;1925;6.58;2725
RAN;SKJ;GUD;G_C_10;s34;s1;we;245;2.5;5.87;1925;6.58;2725
RAN;SKJ;GUD;G_C_5;s35;s1;we;245;2;5.87;1925;6.58;2725
RAN;SKJ;GUD;G_P_7;s36;s2;we;245;2;5.87;1925;6.58;2725
RAN;SKJ;GUD;G_C_2;s37;s2;we;245;2.5;5.87;1925;6.58;2725
RAN;SKJ;GUD;G_C_8;s38;s2;we;245;4;5.87;1925;6.58;2725
RAN;SKJ;GUD;G_C_7;s39;s2;we;245;2;5.87;1925;6.58;2725
RAN;SKJ;SKJ;S_C_7;s40;s2;c;245;2;6.58;2725;6.58;2725
RAN;SKJ;SKJ;S_P_2;s41;s2;c;245;3.5;6.58;2725;6.58;2725
RAN;SKJ;GUD;G_P_2;s42;s2;we;245;2.5;5.87;1925;6.58;2725
RAN;SKJ;GUD;G_P_6;s43;s2;we;245;2;5.87;1925;6.58;2725
RAN;SKJ;GUD;G_C_1;s44;s2;we;245;2.5;5.87;1925;6.58;2725
RAN;SKJ;GUD;G_C_6;s45;s2;we;245;3;5.87;1925;6.58;2725
RAN;SKJ;SKJ;S_C_3;s46;s2;c;245;2;6.58;2725;6.58;2725
RAN;SKJ;GUD;G_P_3;s47;s2;we;245;2;5.87;1925;6.58;2725
RAN;SKJ;GUD;G_P_1;s48;s2;we;245;3;5.87;1925;6.58;2725
RAN;SKJ;SKJ;S_P_4;s49;s2;c;245;2.5;6.58;2725;6.58;2725
RAN;SKJ;SKJ;S_C_1;s50;s2;c;245;2;6.58;2725;6.58;2725
RAN;SKJ;GUD;G_C_3;s51;s2;we;245;2.5;5.87;1925;6.58;2725
RAN;SKJ;SKJ;S_P_3;s52;s2;c;245;1.5;6.58;2725;6.58;2725
RAN;SKJ;SKJ;S_C_6;s53;s2;c;245;NA;6.58;2725;6.58;2725
RAN;SKJ;GUD;G_P_10;s54;s2;we;245;3;5.87;1925;6.58;2725
RAN;SKJ;SKJ;S_P_1;s55;s2;c;245;NA;6.58;2725;6.58;2725
RAN;SKJ;SKJ;S_C_2;s56;s2;c;245;3.5;6.58;2725;6.58;2725
RAN;SKJ;GUD;G_P_4;s57;s2;we;245;3.5;5.87;1925;6.58;2725
RAN;SKJ;SKJ;S_P_7;s58;s2;c;245;1.5;6.58;2725;6.58;2725
RAN;SKJ;GUD;G_C_9;s59;s2;we;245;2;5.87;1925;6.58;2725
RAN;SKJ;GUD;G_C_10;s60;s2;we;245;2;5.87;1925;6.58;2725
RAN;SKJ;GUD;G_C_4;s61;s2;we;245;2.5;5.87;1925;6.58;2725
RAN;SKJ;GUD;G_C_5;s62;s2;we;245;2;5.87;1925;6.58;2725
RAN;SKJ;SKJ;S_P_6;s63;s2;c;245;NA;6.58;2725;6.58;2725
RAN;SKJ;SKJ;S_C_8;s64;s2;c;245;1.5;6.58;2725;6.58;2725
RAN;SKJ;SKJ;S_C_4;s65;s2;c;245;NA;6.58;2725;6.58;2725
RAN;SKJ;SKJ;S_C_5;s66;s2;c;245;1.5;6.58;2725;6.58;2725
RAN;SKJ;SKJ;S_P_5;s67;s2;c;245;NA;6.58;2725;6.58;2725
RAN;SKJ;GUD;G_P_8;s68;s2;we;245;2;5.87;1925;6.58;2725
RAN;SKJ;GUD;G_P_5;s69;s2;we;245;3;5.87;1925;6.58;2725
RAN;SKJ;GUD;G_P_9;s70;s2;we;245;0.5;5.87;1925;6.58;2725
RAN;VES;RAM;R_C_3;v1;v1;we;246;3;8.77;1848;8.67;3029
RAN;VES;SKJ;S_C_6;v2;v1;wa;246;4;6.58;2725;8.67;3029
RAN;VES;GUD;G_P_7;v3;v1;ww;246;2.5;5.87;1925;8.67;3029
RAN;VES;VES;V_P_1;v4;v1;c;246;3;8.67;3029;8.67;3029
RAN;VES;RAM;R_C_4;v5;v1;we;246;3.5;8.77;1848;8.67;3029
RAN;VES;SKJ;S_P_6;v6;v1;wa;246;3;6.58;2725;8.67;3029
RAN;VES;SKJ;S_P_8;v7;v1;wa;246;3;6.58;2725;8.67;3029
RAN;VES;RAM;R_P_1;v8;v1;we;246;2.5;8.77;1848;8.67;3029
RAN;VES;VES;V_C_6;v9;v1;c;246;3;8.67;3029;8.67;3029
RAN;VES;RAM;R_C_2;v10;v1;we;246;2;8.77;1848;8.67;3029
RAN;VES;GUD;G_C_1;v11;v1;ww;246;2;5.87;1925;8.67;3029
RAN;VES;RAM;R_P_5;v12;v1;we;246;3;8.77;1848;8.67;3029
RAN;VES;VES;V_C_1;v13;v1;c;246;4;8.67;3029;8.67;3029
RAN;VES;SKJ;S_C_1;v14;v1;wa;246;3.5;6.58;2725;8.67;3029
RAN;VES;SKJ;S_P_2;v15;v1;wa;246;5;6.58;2725;8.67;3029
RAN;VES;VES;V_C_3;v16;v1;c;246;4;8.67;3029;8.67;3029
RAN;VES;VES;V_P_2;v17;v1;c;246;4;8.67;3029;8.67;3029
RAN;VES;VES;V_P_6;v18;v1;c;246;4.5;8.67;3029;8.67;3029
RAN;VES;GUD;G_C_6;v19;v1;ww;246;2;5.87;1925;8.67;3029
RAN;VES;SKJ;S_C_9;v20;v1;wa;246;2.5;6.58;2725;8.67;3029
RAN;VES;SKJ;S_P_1;v21;v1;wa;246;4;6.58;2725;8.67;3029
RAN;VES;GUD;G_C_7;v22;v1;ww;246;3;5.87;1925;8.67;3029
RAN;VES;VES;V_C_4;v23;v1;c;246;3;8.67;3029;8.67;3029
RAN;VES;SKJ;S_C_8;v24;v1;wa;246;4;6.58;2725;8.67;3029
RAN;VES;SKJ;S_P_7;v25;v1;wa;246;4;6.58;2725;8.67;3029
RAN;VES;GUD;G_C_2;v26;v1;ww;246;2.5;5.87;1925;8.67;3029
RAN;VES;SKJ;S_C_4;v27;v1;wa;246;2.5;6.58;2725;8.67;3029
RAN;VES;SKJ;S_C_7;v28;v1;wa;246;5;6.58;2725;8.67;3029
RAN;VES;SKJ;S_C_3;v29;v1;wa;246;3.5;6.58;2725;8.67;3029
RAN;VES;GUD;G_C_8;v30;v1;ww;246;4.5;5.87;1925;8.67;3029
RAN;VES;GUD;G_C_4;v31;v1;ww;246;6;5.87;1925;8.67;3029
RAN;VES;VES;V_P_7;v32;v1;c;246;4.5;8.67;3029;8.67;3029
RAN;VES;GUD;G_P_8;v33;v1;ww;246;3;5.87;1925;8.67;3029
RAN;VES;VES;V_P_4;v34;v1;c;246;2.5;8.67;3029;8.67;3029
RAN;VES;GUD;G_P_5;v35;v1;ww;246;3;5.87;1925;8.67;3029
RAN;VES;RAM;R_C_1;v36;v1;we;246;3;8.77;1848;8.67;3029
RAN;VES;GUD;G_C_9;v37;v1;ww;246;2.5;5.87;1925;8.67;3029
RAN;VES;SKJ;S_P_3;v38;v1;wa;246;4;6.58;2725;8.67;3029
RAN;VES;VES;V_C_5;v39;v1;c;246;4.5;8.67;3029;8.67;3029
RAN;VES;RAM;R_P_4;v40;v1;we;246;5;8.77;1848;8.67;3029
RAN;VES;RAM;R_P_2;v41;v1;we;246;2;8.77;1848;8.67;3029
RAN;VES;GUD;G_P_2;v42;v1;ww;246;3.5;5.87;1925;8.67;3029
RAN;VES;SKJ;S_P_5;v43;v1;wa;246;5;6.58;2725;8.67;3029
RAN;VES;RAM;R_P_3;v44;v1;we;246;1.5;8.77;1848;8.67;3029
RAN;VES;VES;V_C_2;v45;v1;c;246;2.5;8.67;3029;8.67;3029
RAN;VES;SKJ;S_C_2;v46;v1;wa;246;2;6.58;2725;8.67;3029
RAN;VES;GUD;G_P_6;v47;v1;ww;246;3.5;5.87;1925;8.67;3029
RAN;VES;VES;V_P_3;v48;v1;c;246;4;8.67;3029;8.67;3029
RAN;VES;GUD;G_P_4;v49;v1;ww;246;3;5.87;1925;8.67;3029
RAN;VES;GUD;G_C_3;v50;v1;ww;246;3.5;5.87;1925;8.67;3029
RAN;VES;SKJ;S_P_4;v51;v1;wa;246;4;6.58;2725;8.67;3029
RAN;VES;GUD;G_P_3;v52;v1;ww;246;5;5.87;1925;8.67;3029
RAN;VES;GUD;G_P_1;v53;v1;ww;246;3;5.87;1925;8.67;3029
RAN;VES;GUD;G_P_9;v54;v1;ww;246;3;5.87;1925;8.67;3029
RAN;VES;VES;V_P_5;v55;v1;c;246;4;8.67;3029;8.67;3029
RAN;VES;GUD;G_P_10;v56;v1;ww;246;3;5.87;1925;8.67;3029
RAN;VES;GUD;G_C_5;v57;v1;ww;246;4;5.87;1925;8.67;3029
RAN;VES;SKJ;S_C_5;v58;v1;wa;246;3;6.58;2725;8.67;3029
RAN;VES;SKJ;S_C_10;v59;v1;wa;246;4.5;6.58;2725;8.67;3029
RAN;VES;SKJ;S_P_9;v60;v1;wa;246;4;6.58;2725;8.67;3029
RAN;VES;GUD;G_C_2;v61;v2;ww;246;5;5.87;1925;8.67;3029
RAN;VES;GUD;G_P_3;v62;v2;ww;246;5;5.87;1925;8.67;3029
RAN;VES;VES;V_P_2;v63;v2;c;246;5;8.67;3029;8.67;3029
RAN;VES;VES;V_C_3;v64;v2;c;246;5;8.67;3029;8.67;3029
RAN;VES;SKJ;S_C_6;v65;v2;wa;246;5;6.58;2725;8.67;3029
RAN;VES;SKJ;S_P_8;v66;v2;wa;246;5;6.58;2725;8.67;3029
RAN;VES;SKJ;S_P_2;v67;v2;wa;246;6;6.58;2725;8.67;3029
RAN;VES;GUD;G_P_7;v68;v2;ww;246;6;5.87;1925;8.67;3029
RAN;VES;SKJ;S_C_2;v69;v2;wa;246;7;6.58;2725;8.67;3029
RAN;VES;VES;V_P_7;v70;v2;c;246;7;8.67;3029;8.67;3029
RAN;VES;SKJ;S_P_3;v71;v2;wa;246;5;6.58;2725;8.67;3029
RAN;VES;VES;V_C_4;v72;v2;c;246;3;8.67;3029;8.67;3029
RAN;VES;SKJ;S_P_7;v73;v2;wa;246;6;6.58;2725;8.67;3029
RAN;VES;SKJ;S_C_3;v74;v2;wa;246;4;6.58;2725;8.67;3029
RAN;VES;VES;V_C_1;v75;v2;c;246;5;8.67;3029;8.67;3029
RAN;VES;GUD;G_P_4;v76;v2;ww;246;4.5;5.87;1925;8.67;3029
RAN;VES;SKJ;S_C_7;v77;v2;wa;246;8.5;6.58;2725;8.67;3029
RAN;VES;VES;V_P_1;v78;v2;c;246;7;8.67;3029;8.67;3029
RAN;VES;SKJ;S_P_9;v79;v2;wa;246;5.5;6.58;2725;8.67;3029
RAN;VES;VES;V_P_3;v80;v2;c;246;4;8.67;3029;8.67;3029
RAN;VES;VES;V_C_7;v81;v2;c;246;4;8.67;3029;8.67;3029
RAN;VES;SKJ;S_P_10;v82;v2;wa;246;2.5;6.58;2725;8.67;3029
RAN;VES;GUD;G_P_9;v83;v2;ww;246;3.5;5.87;1925;8.67;3029
RAN;VES;SKJ;S_C_1;v84;v2;wa;246;9.5;6.58;2725;8.67;3029
RAN;VES;GUD;G_C_1;v85;v2;ww;246;5;5.87;1925;8.67;3029
RAN;VES;GUD;G_C_10;v86;v2;ww;246;1.5;5.87;1925;8.67;3029
RAN;VES;VES;V_C_8;v87;v2;c;246;3.5;8.67;3029;8.67;3029
RAN;VES;GUD;G_P_2;v88;v2;ww;246;5;5.87;1925;8.67;3029
RAN;VES;SKJ;S_P_1;v89;v2;wa;246;3.5;6.58;2725;8.67;3029
RAN;VES;GUD;G_P_1;v90;v2;ww;246;3.5;5.87;1925;8.67;3029
RAN;VES;VES;V_C_2;v91;v2;c;246;5;8.67;3029;8.67;3029
RAN;VES;GUD;G_C_3;v92;v2;ww;246;2;5.87;1925;8.67;3029
RAN;VES;SKJ;S_P_4;v93;v2;wa;246;3.5;6.58;2725;8.67;3029
RAN;VES;GUD;G_P_8;v94;v2;ww;246;4;5.87;1925;8.67;3029
RAN;VES;VES;V_P_6;v95;v2;c;246;2.5;8.67;3029;8.67;3029
RAN;VES;GUD;G_C_6;v96;v2;ww;246;3.5;5.87;1925;8.67;3029
RAN;VES;GUD;G_C_5;v97;v2;ww;246;5.5;5.87;1925;8.67;3029
RAN;VES;SKJ;S_P_11;v98;v2;wa;246;4;6.58;2725;8.67;3029
RAN;VES;VES;V_C_6;v99;v2;c;246;3;8.67;3029;8.67;3029
RAN;VES;VES;V_C_9;v100;v2;c;246;3.5;8.67;3029;8.67;3029
RAN;VES;VES;V_P_8;v101;v2;c;246;4;8.67;3029;8.67;3029
RAN;VES;SKJ;S_C_4;v102;v2;wa;246;2.5;6.58;2725;8.67;3029
RAN;VES;SKJ;S_P_6;v103;v2;wa;246;4;6.58;2725;8.67;3029
RAN;VES;GUD;G_P_10;v104;v2;ww;246;3.5;5.87;1925;8.67;3029
RAN;VES;GUD;G_C_4;v105;v2;ww;246;3.5;5.87;1925;8.67;3029
RAN;VES;SKJ;S_C_8;v106;v2;wa;246;2;6.58;2725;8.67;3029
RAN;VES;GUD;G_C_7;v107;v2;ww;246;NA;5.87;1925;8.67;3029
RAN;VES;SKJ;S_C_9;v108;v2;wa;246;5;6.58;2725;8.67;3029
RAN;VES;GUD;G_C_11;v109;v2;ww;246;6;5.87;1925;8.67;3029
RAN;VES;GUD;G_P_5;v110;v2;ww;246;4;5.87;1925;8.67;3029
RAN;VES;GUD;G_C_9;v111;v2;ww;246;3.5;5.87;1925;8.67;3029
RAN;VES;SKJ;S_C_10;v112;v2;wa;246;7.5;6.58;2725;8.67;3029
RAN;VES;SKJ;S_C_5;v113;v2;wa;246;5;6.58;2725;8.67;3029
RAN;VES;GUD;G_C_8;v114;v2;ww;246;2.5;5.87;1925;8.67;3029
RAN;VES;VES;V_P_5;v115;v2;c;246;4.5;8.67;3029;8.67;3029
RAN;VES;VES;V_P_4;v116;v2;c;246;3;8.67;3029;8.67;3029
RAN;VES;GUD;G_P_6;v117;v2;ww;246;4;5.87;1925;8.67;3029
RAN;VES;VES;V_C_5;v118;v2;c;246;4;8.67;3029;8.67;3029
RAN;VES;SKJ;S_P_5;v119;v2;wa;246;5.5;6.58;2725;8.67;3029
LEO;GUD;GUD;G_C_1;Lg1;Lg1;c;245;3.5;5.87;1925;5.87;1925
LEO;GUD;GUD;G_P_7;Lg2;Lg1;c;245;3.5;5.87;1925;5.87;1925
LEO;GUD;GUD;G_C_3;Lg3;Lg1;c;245;3;5.87;1925;5.87;1925
LEO;GUD;GUD;G_C_4;Lg4;Lg1;c;245;3.5;5.87;1925;5.87;1925
LEO;GUD;GUD;G_C_8;Lg5;Lg1;c;245;2.5;5.87;1925;5.87;1925
LEO;GUD;GUD;G_C_5;Lg6;Lg1;c;245;4;5.87;1925;5.87;1925
LEO;GUD;GUD;G_C_7;Lg7;Lg1;c;245;2.5;5.87;1925;5.87;1925
LEO;GUD;GUD;G_P_4;Lg8;Lg1;c;245;4;5.87;1925;5.87;1925
LEO;GUD;GUD;G_C_2;Lg9;Lg1;c;245;2.5;5.87;1925;5.87;1925
LEO;GUD;GUD;G_P_8;Lg10;Lg1;c;245;4;5.87;1925;5.87;1925
LEO;GUD;GUD;G_P_6;Lg11;Lg1;c;245;2.5;5.87;1925;5.87;1925
LEO;GUD;GUD;G_P_2;Lg12;Lg1;c;245;2.5;5.87;1925;5.87;1925
LEO;GUD;GUD;G_P_5;Lg13;Lg1;c;245;2;5.87;1925;5.87;1925
LEO;GUD;GUD;G_P_1;Lg14;Lg1;c;245;2;5.87;1925;5.87;1925
LEO;GUD;GUD;G_C_6;Lg15;Lg1;c;245;2.5;5.87;1925;5.87;1925
LEO;GUD;GUD;G_P_3;Lg16;Lg1;c;245;3;5.87;1925;5.87;1925
LEO;GUD;GUD;G_C_2;Lg17;Lg2;c;245;2;5.87;1925;5.87;1925
LEO;GUD;GUD;G_P_4;Lg18;Lg2;c;245;3;5.87;1925;5.87;1925
LEO;GUD;GUD;G_P_1;Lg19;Lg2;c;245;4;5.87;1925;5.87;1925
LEO;GUD;GUD;G_C_6;Lg20;Lg2;c;245;3;5.87;1925;5.87;1925
LEO;GUD;GUD;G_C_7;Lg21;Lg2;c;245;2;5.87;1925;5.87;1925
LEO;GUD;GUD;G_C_5;Lg22;Lg2;c;245;2.5;5.87;1925;5.87;1925
LEO;GUD;GUD;G_P_5;Lg23;Lg2;c;245;2.5;5.87;1925;5.87;1925
LEO;GUD;GUD;G_C_3;Lg24;Lg2;c;245;2.5;5.87;1925;5.87;1925
LEO;GUD;GUD;G_C_1;Lg25;Lg2;c;245;3;5.87;1925;5.87;1925
LEO;GUD;GUD;G_P_2;Lg26;Lg2;c;245;4;5.87;1925;5.87;1925
LEO;GUD;GUD;G_P_6;Lg27;Lg2;c;245;3;5.87;1925;5.87;1925
LEO;GUD;GUD;G_C_4;Lg28;Lg2;c;245;3;5.87;1925;5.87;1925
LEO;GUD;GUD;G_P_3;Lg29;Lg2;c;245;2.5;5.87;1925;5.87;1925
LEO;GUD;GUD;G_C_7;Lg30;Lg3;c;245;2.5;5.87;1925;5.87;1925
LEO;GUD;GUD;G_P_3;Lg31;Lg3;c;245;3;5.87;1925;5.87;1925
LEO;GUD;GUD;G_C_6;Lg32;Lg3;c;245;3.5;5.87;1925;5.87;1925
LEO;GUD;GUD;G_C_8;Lg33;Lg3;c;245;2;5.87;1925;5.87;1925
LEO;GUD;GUD;G_P_8;Lg34;Lg3;c;245;2.5;5.87;1925;5.87;1925
LEO;GUD;GUD;G_P_6;Lg35;Lg3;c;245;3.5;5.87;1925;5.87;1925
LEO;GUD;GUD;G_P_1;Lg36;Lg3;c;245;3.5;5.87;1925;5.87;1925
LEO;GUD;GUD;G_C_3;Lg37;Lg3;c;245;2.5;5.87;1925;5.87;1925
LEO;GUD;GUD;G_P_2;Lg38;Lg3;c;245;3.5;5.87;1925;5.87;1925
LEO;GUD;GUD;G_C_2;Lg39;Lg3;c;245;5.5;5.87;1925;5.87;1925
LEO;GUD;GUD;G_P_4;Lg40;Lg3;c;245;2;5.87;1925;5.87;1925
LEO;GUD;GUD;G_C_5;Lg41;Lg3;c;245;2.5;5.87;1925;5.87;1925
LEO;GUD;GUD;G_P_7;Lg42;Lg3;c;245;2;5.87;1925;5.87;1925
LEO;GUD;GUD;G_C_1;Lg43;Lg3;c;245;3.5;5.87;1925;5.87;1925
LEO;GUD;GUD;G_C_4;Lg44;Lg3;c;245;3;5.87;1925;5.87;1925
LEO;GUD;GUD;G_P_5;Lg45;Lg3;c;245;2;5.87;1925;5.87;1925
LEO;GUD;GUD;G_C_6;Lg46;Lg4;c;245;4;5.87;1925;5.87;1925
LEO;GUD;GUD;G_P_1;Lg47;Lg4;c;245;3;5.87;1925;5.87;1925
LEO;GUD;GUD;G_C_4;Lg48;Lg4;c;245;2;5.87;1925;5.87;1925
LEO;GUD;GUD;G_C_3;Lg49;Lg4;c;245;2;5.87;1925;5.87;1925
LEO;GUD;GUD;G_C_1;Lg50;Lg4;c;245;2;5.87;1925;5.87;1925
LEO;GUD;GUD;G_C_7;Lg51;Lg4;c;245;3;5.87;1925;5.87;1925
LEO;GUD;GUD;G_C_2;Lg52;Lg4;c;245;2;5.87;1925;5.87;1925
LEO;GUD;GUD;G_P_6;Lg53;Lg4;c;245;2;5.87;1925;5.87;1925
LEO;GUD;GUD;G_P_3;Lg54;Lg4;c;245;3;5.87;1925;5.87;1925
LEO;GUD;GUD;G_P_2;Lg55;Lg4;c;245;2.5;5.87;1925;5.87;1925
LEO;GUD;GUD;G_P_7;Lg56;Lg4;c;245;2;5.87;1925;5.87;1925
LEO;GUD;GUD;G_C_5;Lg57;Lg4;c;245;3;5.87;1925;5.87;1925
LEO;GUD;GUD;G_P_5;Lg58;Lg4;c;245;4;5.87;1925;5.87;1925
LEO;GUD;GUD;G_P_8;Lg59;Lg4;c;245;4;5.87;1925;5.87;1925
LEO;GUD;GUD;G_P_4;Lg60;Lg4;c;245;2.5;5.87;1925;5.87;1925
LEO;RAM;RAM;R_C_4;Lr1;Lr1;c;246;3.5;8.77;1848;8.77;1848
LEO;RAM;RAM;R_C_3;Lr2;Lr1;c;246;4;8.77;1848;8.77;1848
LEO;RAM;GUD;G_C_2;Lr3;Lr1;wa;246;3;5.87;1925;8.77;1848
LEO;RAM;GUD;G_P_4;Lr4;Lr1;wa;246;3;5.87;1925;8.77;1848
LEO;RAM;GUD;G_P_9;Lr5;Lr1;wa;246;2.5;5.87;1925;8.77;1848
LEO;RAM;RAM;R_C_5;Lr6;Lr1;c;246;1.5;8.77;1848;8.77;1848
LEO;RAM;RAM;R_C_1;Lr7;Lr1;c;246;1.5;8.77;1848;8.77;1848
LEO;RAM;RAM;R_P_2;Lr8;Lr1;c;246;3.5;8.77;1848;8.77;1848
LEO;RAM;GUD;G_P_8;Lr9;Lr1;wa;246;NA;5.87;1925;8.77;1848
LEO;RAM;RAM;R_C_2;Lr10;Lr1;c;246;3;8.77;1848;8.77;1848
LEO;RAM;GUD;G_C_5;Lr11;Lr1;wa;246;NA;5.87;1925;8.77;1848
LEO;RAM;GUD;G_C_1;Lr12;Lr1;wa;246;NA;5.87;1925;8.77;1848
LEO;RAM;GUD;G_C_4;Lr13;Lr1;wa;246;5.5;5.87;1925;8.77;1848
LEO;RAM;RAM;R_P_3;Lr14;Lr1;c;246;4;8.77;1848;8.77;1848
LEO;RAM;GUD;G_P_3;Lr15;Lr1;wa;246;4;5.87;1925;8.77;1848
LEO;RAM;RAM;R_P_4;Lr16;Lr1;c;246;1.5;8.77;1848;8.77;1848
LEO;RAM;GUD;G_C_7;Lr17;Lr1;wa;246;1.5;5.87;1925;8.77;1848
LEO;RAM;RAM;R_C_6;Lr18;Lr1;c;246;2;8.77;1848;8.77;1848
LEO;RAM;RAM;R_C_7;Lr19;Lr1;c;246;2;8.77;1848;8.77;1848
LEO;RAM;GUD;G_P_2;Lr20;Lr1;wa;246;4;5.87;1925;8.77;1848
LEO;RAM;GUD;G_C_6;Lr21;Lr1;wa;246;4.5;5.87;1925;8.77;1848
LEO;RAM;GUD;G_P_6;Lr22;Lr1;wa;246;3;5.87;1925;8.77;1848
LEO;RAM;GUD;G_P_1;Lr23;Lr1;wa;246;4;5.87;1925;8.77;1848
LEO;RAM;RAM;R_P_6;Lr24;Lr1;c;246;2.5;8.77;1848;8.77;1848
LEO;RAM;GUD;G_C_8;Lr25;Lr1;wa;246;3;5.87;1925;8.77;1848
LEO;RAM;GUD;G_P_7;Lr26;Lr1;wa;246;3.5;5.87;1925;8.77;1848
LEO;RAM;GUD;G_C_3;Lr27;Lr1;wa;246;4;5.87;1925;8.77;1848
LEO;RAM;RAM;R_P_1;Lr28;Lr1;c;246;6;8.77;1848;8.77;1848
LEO;RAM;RAM;R_P_5;Lr29;Lr1;c;246;3;8.77;1848;8.77;1848
LEO;RAM;GUD;G_P_5;Lr30;Lr1;wa;246;4;5.87;1925;8.77;1848
LEO;RAM;GUD;G_C_10;Lr31;Lr1;wa;246;1.5;5.87;1925;8.77;1848
LEO;RAM;GUD;G_P_10;Lr32;Lr1;wa;246;3.5;5.87;1925;8.77;1848
LEO;RAM;GUD;G_P_11;Lr33;Lr1;wa;246;3.5;5.87;1925;8.77;1848
LEO;RAM;GUD;G_C_9;Lr34;Lr1;wa;246;3;5.87;1925;8.77;1848
LEO;RAM;RAM;R_P_7;Lr35;Lr1;c;246;2.5;8.77;1848;8.77;1848
LEO;RAM;RAM;R_C_4;Lr36;Lr2;c;246;2.5;8.77;1848;8.77;1848
LEO;RAM;RAM;R_P_3;Lr37;Lr2;c;246;5.5;8.77;1848;8.77;1848
LEO;RAM;RAM;R_C_6;Lr38;Lr2;c;246;5.5;8.77;1848;8.77;1848
LEO;RAM;GUD;G_C_3;Lr39;Lr2;wa;246;3;5.87;1925;8.77;1848
LEO;RAM;RAM;R_P_1;Lr40;Lr2;c;246;2.5;8.77;1848;8.77;1848
LEO;RAM;RAM;R_C_5;Lr41;Lr2;c;246;4;8.77;1848;8.77;1848
LEO;RAM;RAM;R_C_1;Lr42;Lr2;c;246;4;8.77;1848;8.77;1848
LEO;RAM;GUD;G_P_9;Lr43;Lr2;wa;246;1.5;5.87;1925;8.77;1848
LEO;RAM;GUD;G_P_5;Lr44;Lr2;wa;246;5.5;5.87;1925;8.77;1848
LEO;RAM;GUD;G_C_4;Lr45;Lr2;wa;246;3;5.87;1925;8.77;1848
LEO;RAM;GUD;G_P_1;Lr46;Lr2;wa;246;5;5.87;1925;8.77;1848
LEO;RAM;RAM;R_C_7;Lr47;Lr2;c;246;2;8.77;1848;8.77;1848
LEO;RAM;RAM;R_C_3;Lr48;Lr2;c;246;3;8.77;1848;8.77;1848
LEO;RAM;GUD;G_C_2;Lr49;Lr2;wa;246;3;5.87;1925;8.77;1848
LEO;RAM;GUD;G_C_6;Lr50;Lr2;wa;246;1.5;5.87;1925;8.77;1848
LEO;RAM;RAM;R_P_2;Lr51;Lr2;c;246;2;8.77;1848;8.77;1848
LEO;RAM;GUD;G_C_7;Lr52;Lr2;wa;246;3.5;5.87;1925;8.77;1848
LEO;RAM;GUD;G_P_6;Lr53;Lr2;wa;246;3.5;5.87;1925;8.77;1848
LEO;RAM;RAM;R_C_2;Lr54;Lr2;c;246;3;8.77;1848;8.77;1848
LEO;RAM;GUD;G_P_4;Lr55;Lr2;wa;246;4;5.87;1925;8.77;1848
LEO;RAM;GUD;G_C_1;Lr56;Lr2;wa;246;3.5;5.87;1925;8.77;1848
LEO;RAM;GUD;G_P_2;Lr57;Lr2;wa;246;2.5;5.87;1925;8.77;1848
LEO;RAM;GUD;G_C_8;Lr58;Lr2;wa;246;4;5.87;1925;8.77;1848
LEO;RAM;RAM;R_C_8;Lr59;Lr2;c;246;4;8.77;1848;8.77;1848
LEO;RAM;GUD;G_C_5;Lr60;Lr2;wa;246;6;5.87;1925;8.77;1848
LEO;RAM;RAM;R_P_7;Lr61;Lr2;c;246;2.5;8.77;1848;8.77;1848
LEO;RAM;GUD;G_P_7;Lr62;Lr2;wa;246;3.5;5.87;1925;8.77;1848
LEO;RAM;RAM;R_P_8;Lr63;Lr2;c;246;4;8.77;1848;8.77;1848
LEO;RAM;RAM;R_P_5;Lr64;Lr2;c;246;5.5;8.77;1848;8.77;1848
LEO;RAM;GUD;G_C_9;Lr65;Lr2;wa;246;5.5;5.87;1925;8.77;1848
LEO;RAM;RAM;R_P_6;Lr66;Lr2;c;246;6;8.77;1848;8.77;1848
LEO;RAM;GUD;G_P_9;Lr67;Lr2;wa;246;5;5.87;1925;8.77;1848
LEO;RAM;RAM;R_P_4;Lr68;Lr2;c;246;3.5;8.77;1848;8.77;1848
LEO;RAM;GUD;G_P_8;Lr69;Lr2;wa;246;3;5.87;1925;8.77;1848
LEO;RAM;GUD;G_C_10;Lr70;Lr2;wa;246;3;5.87;1925;8.77;1848
LEO;RAM;GUD;G_P_6;Lr71;Lr3;wa;246;6;5.87;1925;8.77;1848
LEO;RAM;GUD;G_C_7;Lr72;Lr3;wa;246;3;5.87;1925;8.77;1848
LEO;RAM;RAM;R_C_2;Lr73;Lr3;c;246;2.5;8.77;1848;8.77;1848
LEO;RAM;RAM;R_C_3;Lr74;Lr3;c;246;2.5;8.77;1848;8.77;1848
LEO;RAM;GUD;G_C_1;Lr75;Lr3;wa;246;2.5;5.87;1925;8.77;1848
LEO;RAM;RAM;R_C_4;Lr76;Lr3;c;246;4;8.77;1848;8.77;1848
LEO;RAM;GUD;G_C_3;Lr77;Lr3;wa;246;1.5;5.87;1925;8.77;1848
LEO;RAM;RAM;R_P_5;Lr78;Lr3;c;246;4;8.77;1848;8.77;1848
LEO;RAM;GUD;G_P_3;Lr79;Lr3;wa;246;3;5.87;1925;8.77;1848
LEO;RAM;GUD;G_P_2;Lr80;Lr3;wa;246;5;5.87;1925;8.77;1848
LEO;RAM;GUD;G_P_1;Lr81;Lr3;wa;246;3.5;5.87;1925;8.77;1848
LEO;RAM;GUD;G_C_2;Lr82;Lr3;wa;246;5;5.87;1925;8.77;1848
LEO;RAM;RAM;R_P_1;Lr83;Lr3;c;246;4;8.77;1848;8.77;1848
LEO;RAM;RAM;R_C_1;Lr84;Lr3;c;246;2;8.77;1848;8.77;1848
LEO;RAM;GUD;G_P_9;Lr85;Lr3;wa;246;5.5;5.87;1925;8.77;1848
LEO;RAM;RAM;R_P_7;Lr86;Lr3;c;246;2.5;8.77;1848;8.77;1848
LEO;RAM;GUD;G_P_8;Lr87;Lr3;wa;246;5.5;5.87;1925;8.77;1848
LEO;RAM;GUD;G_P_7;Lr88;Lr3;wa;246;5.5;5.87;1925;8.77;1848
LEO;RAM;RAM;R_P_6;Lr89;Lr3;c;246;4.5;8.77;1848;8.77;1848
LEO;RAM;RAM;R_C_8;Lr90;Lr3;c;246;3;8.77;1848;8.77;1848
LEO;RAM;GUD;G_C_6;Lr91;Lr3;wa;246;3;5.87;1925;8.77;1848
LEO;RAM;RAM;R_P_3;Lr92;Lr3;c;246;3.5;8.77;1848;8.77;1848
LEO;RAM;RAM;R_P_8;Lr93;Lr3;c;246;3;8.77;1848;8.77;1848
LEO;RAM;GUD;G_C_10;Lr94;Lr3;wa;246;4.5;5.87;1925;8.77;1848
LEO;RAM;GUD;G_C_5;Lr95;Lr3;wa;246;4;5.87;1925;8.77;1848
LEO;RAM;RAM;R_P_2;Lr96;Lr3;c;246;2.5;8.77;1848;8.77;1848
LEO;RAM;RAM;R_C_7;Lr97;Lr3;c;246;1;8.77;1848;8.77;1848
LEO;RAM;RAM;R_C_5;Lr98;Lr3;c;246;1.5;8.77;1848;8.77;1848
LEO;RAM;GUD;G_P_5;Lr99;Lr3;wa;246;2;5.87;1925;8.77;1848
LEO;RAM;GUD;G_C_4;Lr100;Lr3;wa;246;3.5;5.87;1925;8.77;1848
LEO;RAM;GUD;G_P_4;Lr101;Lr3;wa;246;1.5;5.87;1925;8.77;1848
LEO;RAM;GUD;G_C_8;Lr102;Lr3;wa;246;2;5.87;1925;8.77;1848
LEO;RAM;RAM;R_C_6;Lr103;Lr3;c;246;2;8.77;1848;8.77;1848
LEO;RAM;GUD;G_C_9;Lr104;Lr3;wa;246;5;5.87;1925;8.77;1848
LEO;RAM;RAM;R_P_4;Lr105;Lr3;c;246;7;8.77;1848;8.77;1848
LEO;RAM;GUD;G_C_1;Lr106;Lr4;wa;246;5;5.87;1925;8.77;1848
LEO;RAM;GUD;G_P_7;Lr107;Lr4;wa;246;4;5.87;1925;8.77;1848
LEO;RAM;GUD;G_P_1;Lr108;Lr4;wa;246;7.5;5.87;1925;8.77;1848
LEO;RAM;RAM;R_P_1;Lr109;Lr4;c;246;5;8.77;1848;8.77;1848
LEO;RAM;GUD;G_C_6;Lr110;Lr4;wa;246;5;5.87;1925;8.77;1848
LEO;RAM;GUD;G_P_2;Lr111;Lr4;wa;246;2;5.87;1925;8.77;1848
LEO;RAM;RAM;R_C_5;Lr112;Lr4;c;246;4.5;8.77;1848;8.77;1848
LEO;RAM;RAM;R_P_4;Lr113;Lr4;c;246;5.5;8.77;1848;8.77;1848
LEO;RAM;GUD;G_P_3;Lr114;Lr4;wa;246;5;5.87;1925;8.77;1848
LEO;RAM;RAM;R_C_3;Lr115;Lr4;c;246;6;8.77;1848;8.77;1848
LEO;RAM;GUD;G_P_6;Lr116;Lr4;wa;246;5;5.87;1925;8.77;1848
LEO;RAM;RAM;R_P_3;Lr117;Lr4;c;246;5.5;8.77;1848;8.77;1848
LEO;RAM;RAM;R_C_1;Lr118;Lr4;c;246;5.5;8.77;1848;8.77;1848
LEO;RAM;GUD;G_P_10;Lr119;Lr4;wa;246;7;5.87;1925;8.77;1848
LEO;RAM;RAM;R_P_7;Lr120;Lr4;c;246;4.5;8.77;1848;8.77;1848
LEO;RAM;RAM;R_C_7;Lr121;Lr4;c;246;6;8.77;1848;8.77;1848
LEO;RAM;GUD;G_P_9;Lr122;Lr4;wa;246;3.5;5.87;1925;8.77;1848
LEO;RAM;GUD;G_C_5;Lr123;Lr4;wa;246;3.5;5.87;1925;8.77;1848
LEO;RAM;RAM;R_C_2;Lr124;Lr4;c;246;4.5;8.77;1848;8.77;1848
LEO;RAM;GUD;G_C_4;Lr125;Lr4;wa;246;5;5.87;1925;8.77;1848
LEO;RAM;RAM;R_P_6;Lr126;Lr4;c;246;4;8.77;1848;8.77;1848
LEO;RAM;GUD;G_P_11;Lr127;Lr4;wa;246;3.5;5.87;1925;8.77;1848
LEO;RAM;GUD;G_C_3;Lr128;Lr4;wa;246;5.5;5.87;1925;8.77;1848
LEO;RAM;GUD;G_C_10;Lr129;Lr4;wa;246;4;5.87;1925;8.77;1848
LEO;RAM;GUD;G_C_8;Lr130;Lr4;wa;246;4;5.87;1925;8.77;1848
LEO;RAM;RAM;R_C_4;Lr131;Lr4;c;246;5.5;8.77;1848;8.77;1848
LEO;RAM;GUD;G_C_2;Lr132;Lr4;wa;246;4;5.87;1925;8.77;1848
LEO;RAM;GUD;G_P_5;Lr133;Lr4;wa;246;5;5.87;1925;8.77;1848
LEO;RAM;RAM;R_P_2;Lr134;Lr4;c;246;4;8.77;1848;8.77;1848
LEO;RAM;GUD;G_C_7;Lr135;Lr4;wa;246;4.5;5.87;1925;8.77;1848
LEO;RAM;GUD;G_P_4;Lr136;Lr4;wa;246;6.5;5.87;1925;8.77;1848
LEO;RAM;GUD;G_C_9;Lr137;Lr4;wa;246;6.5;5.87;1925;8.77;1848
LEO;RAM;RAM;R_P_5;Lr138;Lr4;c;246;3;8.77;1848;8.77;1848
LEO;RAM;GUD;G_P_8;Lr139;Lr4;wa;246;3.5;5.87;1925;8.77;1848
LEO;RAM;RAM;R_C_6;Lr140;Lr4;c;246;4;8.77;1848;8.77;1848
LEO;SKJ;SKJ;S_P_6;Ls1;Ls1;c;245;3;6.58;2725;6.58;2725
LEO;SKJ;SKJ;S_P_4;Ls2;Ls1;c;245;2;6.58;2725;6.58;2725
LEO;SKJ;SKJ;S_C_2;Ls3;Ls1;c;245;1;6.58;2725;6.58;2725
LEO;SKJ;GUD;G_P_3;Ls4;Ls1;we;245;3;5.87;1925;6.58;2725
LEO;SKJ;GUD;G_C_6;Ls5;Ls1;we;245;3;5.87;1925;6.58;2725
LEO;SKJ;SKJ;S_P_1;Ls6;Ls1;c;245;3.5;6.58;2725;6.58;2725
LEO;SKJ;SKJ;S_P_7;Ls7;Ls1;c;245;2;6.58;2725;6.58;2725
LEO;SKJ;SKJ;S_C_6;Ls8;Ls1;c;245;1.5;6.58;2725;6.58;2725
LEO;SKJ;GUD;G_C_5;Ls9;Ls1;we;245;2.5;5.87;1925;6.58;2725
LEO;SKJ;GUD;G_C_7;Ls10;Ls1;we;245;3;5.87;1925;6.58;2725
LEO;SKJ;GUD;G_P_8;Ls11;Ls1;we;245;2;5.87;1925;6.58;2725
LEO;SKJ;SKJ;S_P_2;Ls12;Ls1;c;245;2.5;6.58;2725;6.58;2725
LEO;SKJ;GUD;G_C_4;Ls13;Ls1;we;245;1.5;5.87;1925;6.58;2725
LEO;SKJ;GUD;G_C_1;Ls14;Ls1;we;245;2;5.87;1925;6.58;2725
LEO;SKJ;GUD;G_P_6;Ls15;Ls1;we;245;2;5.87;1925;6.58;2725
LEO;SKJ;GUD;G_C_3;Ls16;Ls1;we;245;4.5;5.87;1925;6.58;2725
LEO;SKJ;SKJ;S_C_1;Ls17;Ls1;c;245;4;6.58;2725;6.58;2725
LEO;SKJ;GUD;G_C_2;Ls18;Ls1;we;245;2.5;5.87;1925;6.58;2725
LEO;SKJ;SKJ;S_C_7;Ls19;Ls1;c;245;2.5;6.58;2725;6.58;2725
LEO;SKJ;GUD;G_C_8;Ls20;Ls1;we;245;2.5;5.87;1925;6.58;2725
LEO;SKJ;SKJ;S_C_3;Ls21;Ls1;c;245;2;6.58;2725;6.58;2725
LEO;SKJ;SKJ;S_C_4;Ls22;Ls1;c;245;2.5;6.58;2725;6.58;2725
LEO;SKJ;GUD;G_P_1;Ls23;Ls1;we;245;3;5.87;1925;6.58;2725
LEO;SKJ;GUD;G_P_7;Ls24;Ls1;we;245;2.5;5.87;1925;6.58;2725
LEO;SKJ;GUD;G_P_4;Ls25;Ls1;we;245;2;5.87;1925;6.58;2725
LEO;SKJ;GUD;G_P_2;Ls26;Ls1;we;245;2.5;5.87;1925;6.58;2725
LEO;SKJ;GUD;G_P_5;Ls27;Ls1;we;245;2.5;5.87;1925;6.58;2725
LEO;SKJ;SKJ;S_P_3;Ls28;Ls1;c;245;2;6.58;2725;6.58;2725
LEO;SKJ;GUD;G_C_9;Ls29;Ls1;we;245;1.5;5.87;1925;6.58;2725
LEO;SKJ;GUD;G_P_9;Ls30;Ls1;we;245;2.5;5.87;1925;6.58;2725
LEO;SKJ;SKJ;S_P_9;Ls31;Ls1;c;245;2;6.58;2725;6.58;2725
LEO;SKJ;SKJ;S_C_8;Ls32;Ls1;c;245;3;6.58;2725;6.58;2725
LEO;SKJ;SKJ;S_P_8;Ls33;Ls1;c;245;3.5;6.58;2725;6.58;2725
LEO;SKJ;SKJ;S_P_5;Ls34;Ls1;c;245;3.5;6.58;2725;6.58;2725
LEO;SKJ;SKJ;S_C_5;Ls35;Ls1;c;245;1.5;6.58;2725;6.58;2725
LEO;SKJ;GUD;G_C_8;Ls36;Ls2;we;245;NA;5.87;1925;6.58;2725
LEO;SKJ;SKJ;S_P_2;Ls37;Ls2;c;245;1.5;6.58;2725;6.58;2725
LEO;SKJ;GUD;G_C_4;Ls38;Ls2;we;245;2.5;5.87;1925;6.58;2725
LEO;SKJ;GUD;G_P_4;Ls39;Ls2;we;245;1.5;5.87;1925;6.58;2725
LEO;SKJ;GUD;G_P_8;Ls40;Ls2;we;245;2;5.87;1925;6.58;2725
LEO;SKJ;GUD;G_C_7;Ls41;Ls2;we;245;2.5;5.87;1925;6.58;2725
LEO;SKJ;GUD;G_C_11;Ls42;Ls2;we;245;NA;5.87;1925;6.58;2725
LEO;SKJ;GUD;G_P_9;Ls43;Ls2;we;245;2;5.87;1925;6.58;2725
LEO;SKJ;GUD;G_C_1;Ls44;Ls2;we;245;2.5;5.87;1925;6.58;2725
LEO;SKJ;SKJ;S_C_6;Ls45;Ls2;c;245;1.5;6.58;2725;6.58;2725
LEO;SKJ;SKJ;S_C_2;Ls46;Ls2;c;245;2.5;6.58;2725;6.58;2725
LEO;SKJ;SKJ;S_C_1;Ls47;Ls2;c;245;2;6.58;2725;6.58;2725
LEO;SKJ;GUD;G_P_2;Ls48;Ls2;we;245;2;5.87;1925;6.58;2725
LEO;SKJ;SKJ;S_C_3;Ls49;Ls2;c;245;2;6.58;2725;6.58;2725
LEO;SKJ;GUD;G_C_2;Ls50;Ls2;we;245;3.5;5.87;1925;6.58;2725
LEO;SKJ;GUD;G_C_3;Ls51;Ls2;we;245;2.5;5.87;1925;6.58;2725
LEO;SKJ;GUD;G_C_10;Ls52;Ls2;we;245;3;5.87;1925;6.58;2725
LEO;SKJ;GUD;G_P_1;Ls53;Ls2;we;245;3;5.87;1925;6.58;2725
LEO;SKJ;GUD;G_P_3;Ls54;Ls2;we;245;2;5.87;1925;6.58;2725
LEO;SKJ;SKJ;S_P_1;Ls55;Ls2;c;245;2;6.58;2725;6.58;2725
LEO;SKJ;SKJ;S_P_3;Ls56;Ls2;c;245;3;6.58;2725;6.58;2725
LEO;SKJ;SKJ;S_P_4;Ls57;Ls2;c;245;2;6.58;2725;6.58;2725
LEO;SKJ;SKJ;S_P_6*;Ls58;Ls2;c;245;3;6.58;2725;6.58;2725
LEO;SKJ;GUD;G_C_5;Ls59;Ls2;we;245;3;5.87;1925;6.58;2725
LEO;SKJ;GUD;G_P_5;Ls60;Ls2;we;245;2;5.87;1925;6.58;2725
LEO;SKJ;GUD;G_C_6;Ls61;Ls2;we;245;2;5.87;1925;6.58;2725
LEO;SKJ;SKJ;S_C_4;Ls62;Ls2;c;245;1;6.58;2725;6.58;2725
LEO;SKJ;SKJ;S_C_5;Ls63;Ls2;c;245;1;6.58;2725;6.58;2725
LEO;SKJ;SKJ;S_C_7;Ls64;Ls2;c;245;1.5;6.58;2725;6.58;2725
LEO;SKJ;GUD;G_P_10;Ls65;Ls2;we;245;5;5.87;1925;6.58;2725
LEO;SKJ;GUD;G_P_11;Ls66;Ls2;we;245;4;5.87;1925;6.58;2725
LEO;SKJ;GUD;G_C_9;Ls67;Ls2;we;245;2.5;5.87;1925;6.58;2725
LEO;SKJ;GUD;G_P_6;Ls68;Ls2;we;245;2;5.87;1925;6.58;2725
LEO;SKJ;SKJ;S_P_5;Ls69;Ls2;c;245;2;6.58;2725;6.58;2725
LEO;SKJ;GUD;G_P_7;Ls70;Ls2;we;245;2;5.87;1925;6.58;2725
LEO;SKJ;GUD;G_C_7;Ls71;Ls3;we;245;4;5.87;1925;6.58;2725
LEO;SKJ;GUD;G_C_1;Ls72;Ls3;we;245;2;5.87;1925;6.58;2725
LEO;SKJ;SKJ;S_C_2;Ls73;Ls3;c;245;1.5;6.58;2725;6.58;2725
LEO;SKJ;GUD;G_C_2;Ls74;Ls3;we;245;1.5;5.87;1925;6.58;2725
LEO;SKJ;GUD;G_C_8;Ls75;Ls3;we;245;NA;5.87;1925;6.58;2725
LEO;SKJ;GUD;G_P_5;Ls76;Ls3;we;245;2.5;5.87;1925;6.58;2725
LEO;SKJ;SKJ;S_C_1;Ls77;Ls3;c;245;3;6.58;2725;6.58;2725
LEO;SKJ;SKJ;S_P_1;Ls78;Ls3;c;245;2.5;6.58;2725;6.58;2725
LEO;SKJ;SKJ;S_C_5;Ls79;Ls3;c;245;2;6.58;2725;6.58;2725
LEO;SKJ;GUD;G_P_1;Ls80;Ls3;we;245;2.5;5.87;1925;6.58;2725
LEO;SKJ;GUD;G_P_6;Ls81;Ls3;we;245;1.5;5.87;1925;6.58;2725
LEO;SKJ;SKJ;S_P_6;Ls82;Ls3;c;245;3;6.58;2725;6.58;2725
LEO;SKJ;GUD;G_C_9;Ls83;Ls3;we;245;NA;5.87;1925;6.58;2725
LEO;SKJ;SKJ;S_P_2;Ls84;Ls3;c;245;1.5;6.58;2725;6.58;2725
LEO;SKJ;GUD;G_P_11;Ls85;Ls3;we;245;2.5;5.87;1925;6.58;2725
LEO;SKJ;GUD;G_P_9;Ls86;Ls3;we;245;3;5.87;1925;6.58;2725
LEO;SKJ;GUD;G_C_4;Ls87;Ls3;we;245;2.5;5.87;1925;6.58;2725
LEO;SKJ;GUD;G_P_3;Ls88;Ls3;we;245;2;5.87;1925;6.58;2725
LEO;SKJ;GUD;G_P_10;Ls89;Ls3;we;245;1.5;5.87;1925;6.58;2725
LEO;SKJ;GUD;G_P_8;Ls90;Ls3;we;245;2.5;5.87;1925;6.58;2725
LEO;SKJ;SKJ;S_P_7;Ls91;Ls3;c;245;1;6.58;2725;6.58;2725
LEO;SKJ;GUD;G_C_3;Ls92;Ls3;we;245;2;5.87;1925;6.58;2725
LEO;SKJ;SKJ;S_C_4;Ls93;Ls3;c;245;1.5;6.58;2725;6.58;2725
LEO;SKJ;GUD;G_C_6;Ls94;Ls3;we;245;3;5.87;1925;6.58;2725
LEO;SKJ;SKJ;S_P_4;Ls95;Ls3;c;245;1.5;6.58;2725;6.58;2725
LEO;SKJ;SKJ;S_P_3;Ls96;Ls3;c;245;2;6.58;2725;6.58;2725
LEO;SKJ;GUD;G_P_2;Ls97;Ls3;we;245;1.5;5.87;1925;6.58;2725
LEO;SKJ;GUD;G_C_10;Ls98;Ls3;we;245;2;5.87;1925;6.58;2725
LEO;SKJ;GUD;G_C_11;Ls99;Ls3;we;245;2;5.87;1925;6.58;2725
LEO;SKJ;SKJ;S_C_3;Ls100;Ls3;c;245;2;6.58;2725;6.58;2725
LEO;SKJ;GUD;G_P_7;Ls101;Ls3;we;245;2.5;5.87;1925;6.58;2725
LEO;SKJ;GUD;G_C_5;Ls102;Ls3;we;245;1.5;5.87;1925;6.58;2725
LEO;SKJ;SKJ;S_P_5;Ls103;Ls3;c;245;2.5;6.58;2725;6.58;2725
LEO;SKJ;SKJ;S_C_6;Ls104;Ls3;c;245;1.5;6.58;2725;6.58;2725
LEO;SKJ;GUD;G_P_4;Ls105;Ls3;we;245;2.5;5.87;1925;6.58;2725
LEO;SKJ;SKJ;S_P_1;Ls106;Ls4;c;245;2;6.58;2725;6.58;2725
LEO;SKJ;SKJ;S_P_6;Ls107;Ls4;c;245;2.5;6.58;2725;6.58;2725
LEO;SKJ;SKJ;S_C_1;Ls108;Ls4;c;245;3;6.58;2725;6.58;2725
LEO;SKJ;SKJ;S_C_7;Ls109;Ls4;c;245;2;6.58;2725;6.58;2725
LEO;SKJ;SKJ;S_C_2;Ls110;Ls4;c;245;2.5;6.58;2725;6.58;2725
LEO;SKJ;GUD;G_P_1;Ls111;Ls4;we;245;2.5;5.87;1925;6.58;2725
LEO;SKJ;GUD;G_C_5;Ls112;Ls4;we;245;3;5.87;1925;6.58;2725
LEO;SKJ;SKJ;S_P_8;Ls113;Ls4;c;245;3;6.58;2725;6.58;2725
LEO;SKJ;GUD;G_P_4;Ls114;Ls4;we;245;2.5;5.87;1925;6.58;2725
LEO;SKJ;GUD;G_C_9;Ls115;Ls4;we;245;3;5.87;1925;6.58;2725
LEO;SKJ;GUD;G_P_8;Ls116;Ls4;we;245;3;5.87;1925;6.58;2725
LEO;SKJ;GUD;G_P_6;Ls117;Ls4;we;245;2;5.87;1925;6.58;2725
LEO;SKJ;SKJ;S_P_3;Ls118;Ls4;c;245;3;6.58;2725;6.58;2725
LEO;SKJ;SKJ;S_C_4;Ls119;Ls4;c;245;2;6.58;2725;6.58;2725
LEO;SKJ;GUD;G_C_8;Ls120;Ls4;we;245;2.5;5.87;1925;6.58;2725
LEO;SKJ;SKJ;S_C_8;Ls121;Ls4;c;245;2;6.58;2725;6.58;2725
LEO;SKJ;GUD;G_P_7;Ls122;Ls4;we;245;NA;5.87;1925;6.58;2725
LEO;SKJ;SKJ;S_P_2;Ls123;Ls4;c;245;2.5;6.58;2725;6.58;2725
LEO;SKJ;SKJ;S_P_5;Ls124;Ls4;c;245;1;6.58;2725;6.58;2725
LEO;SKJ;GUD;G_C_7;Ls125;Ls4;we;245;2;5.87;1925;6.58;2725
LEO;SKJ;SKJ;S_C_5;Ls126;Ls4;c;245;1.5;6.58;2725;6.58;2725
LEO;SKJ;SKJ;S_P_7;Ls127;Ls4;c;245;1.5;6.58;2725;6.58;2725
LEO;SKJ;SKJ;S_C_3;Ls128;Ls4;c;245;1.5;6.58;2725;6.58;2725
LEO;SKJ;GUD;G_P_2;Ls129;Ls4;we;245;NA;5.87;1925;6.58;2725
LEO;SKJ;GUD;G_P_3;Ls130;Ls4;we;245;2;5.87;1925;6.58;2725
LEO;SKJ;GUD;G_C_6;Ls131;Ls4;we;245;2.5;5.87;1925;6.58;2725
LEO;SKJ;GUD;G_C_4;Ls132;Ls4;we;245;NA;5.87;1925;6.58;2725
LEO;SKJ;SKJ;S_P_3;Ls133;Ls4;c;245;2;6.58;2725;6.58;2725
LEO;SKJ;GUD;G_C_2;Ls134;Ls4;we;245;2.5;5.87;1925;6.58;2725
LEO;SKJ;GUD;G_C_3;Ls135;Ls4;we;245;2;5.87;1925;6.58;2725
LEO;SKJ;GUD;G_P_9;Ls136;Ls4;we;245;2;5.87;1925;6.58;2725
LEO;SKJ;GUD;G_C_1;Ls137;Ls4;we;245;2.5;5.87;1925;6.58;2725
LEO;SKJ;GUD;G_P_5;Ls138;Ls4;we;245;2;5.87;1925;6.58;2725
LEO;SKJ;SKJ;S_C_9;Ls139;Ls4;c;245;2;6.58;2725;6.58;2725
LEO;SKJ;SKJ;S_C_6;Ls140;Ls4;c;245;2;6.58;2725;6.58;2725
LEO;VES;RAM;R_C_5;Lv1;Lv1;we;246;3.5;8.77;1848;8.67;3029
LEO;VES;RAM;R_C_6;Lv2;Lv1;we;246;3.5;8.77;1848;8.67;3029
LEO;VES;RAM;R_P_8;Lv3;Lv1;we;246;3;8.77;1848;8.67;3029
LEO;VES;RAM;R_C_2;Lv4;Lv1;we;246;3;8.77;1848;8.67;3029
LEO;VES;RAM;R_P_9;Lv5;Lv1;we;246;4;8.77;1848;8.67;3029
LEO;VES;GUD;G_P_1;Lv6;Lv1;ww;246;5;5.87;1925;8.67;3029
LEO;VES;VES;V_P_3;Lv7;Lv1;c;246;3.5;8.67;3029;8.67;3029
LEO;VES;RAM;R_P_6;Lv8;Lv1;we;246;3.5;8.77;1848;8.67;3029
LEO;VES;SKJ;S_P_6;Lv9;Lv1;wa;246;3;6.58;2725;8.67;3029
LEO;VES;VES;V_P_2;Lv10;Lv1;c;246;3;8.67;3029;8.67;3029
LEO;VES;GUD;G_P_3;Lv11;Lv1;ww;246;4.5;5.87;1925;8.67;3029
LEO;VES;RAM;R_P_1;Lv12;Lv1;we;246;4;8.77;1848;8.67;3029
LEO;VES;RAM;R_P_2;Lv13;Lv1;we;246;3.5;8.77;1848;8.67;3029
LEO;VES;SKJ;S_P_1;Lv14;Lv1;wa;246;3.5;6.58;2725;8.67;3029
LEO;VES;GUD;G_P_5;Lv15;Lv1;ww;246;3.5;5.87;1925;8.67;3029
LEO;VES;SKJ;S_C_3;Lv16;Lv1;wa;246;4.5;6.58;2725;8.67;3029
LEO;VES;GUD;G_P_4;Lv17;Lv1;ww;246;4;5.87;1925;8.67;3029
LEO;VES;SKJ;S_P_4;Lv18;Lv1;wa;246;4;6.58;2725;8.67;3029
LEO;VES;SKJ;S_C_4;Lv19;Lv1;wa;246;3.5;6.58;2725;8.67;3029
LEO;VES;VES;V_P_1;Lv20;Lv1;c;246;3.5;8.67;3029;8.67;3029
LEO;VES;RAM;R_C_3;Lv21;Lv1;we;246;4;8.77;1848;8.67;3029
LEO;VES;SKJ;S_C_2;Lv22;Lv1;wa;246;5;6.58;2725;8.67;3029
LEO;VES;GUD;G_P_2;Lv23;Lv1;ww;246;4.5;5.87;1925;8.67;3029
LEO;VES;GUD;G_C_2;Lv24;Lv1;ww;246;2;5.87;1925;8.67;3029
LEO;VES;RAM;R_C_4;Lv25;Lv1;we;246;3;8.77;1848;8.67;3029
LEO;VES;VES;V_C_4;Lv26;Lv1;c;246;4;8.67;3029;8.67;3029
LEO;VES;VES;V_C_1;Lv27;Lv1;c;246;7.5;8.67;3029;8.67;3029
LEO;VES;RAM;R_P_5;Lv28;Lv1;we;246;3;8.77;1848;8.67;3029
LEO;VES;RAM;R_C_9;Lv29;Lv1;we;246;2.5;8.77;1848;8.67;3029
LEO;VES;VES;V_C_3;Lv30;Lv1;c;246;4;8.67;3029;8.67;3029
LEO;VES;RAM;R_P_3;Lv31;Lv1;we;246;2;8.77;1848;8.67;3029
LEO;VES;SKJ;S_C_5;Lv32;Lv1;wa;246;3.5;6.58;2725;8.67;3029
LEO;VES;RAM;R_P_4;Lv33;Lv1;we;246;3.5;8.77;1848;8.67;3029
LEO;VES;GUD;G_C_5;Lv34;Lv1;ww;246;6;5.87;1925;8.67;3029
LEO;VES;GUD;G_C_3;Lv35;Lv1;ww;246;5;5.87;1925;8.67;3029
LEO;VES;RAM;R_C_7;Lv36;Lv1;we;246;6;8.77;1848;8.67;3029
LEO;VES;VES;V_C_2;Lv37;Lv1;c;246;1.5;8.67;3029;8.67;3029
LEO;VES;VES;V_P_4;Lv38;Lv1;c;246;4;8.67;3029;8.67;3029
LEO;VES;SKJ;S_P_2;Lv39;Lv1;wa;246;2;6.58;2725;8.67;3029
LEO;VES;GUD;G_C_4;Lv40;Lv1;ww;246;3;5.87;1925;8.67;3029
LEO;VES;GUD;G_P_6;Lv41;Lv1;ww;246;3.5;5.87;1925;8.67;3029
LEO;VES;RAM;R_C_1;Lv42;Lv1;we;246;4;8.77;1848;8.67;3029
LEO;VES;RAM;R_P_7;Lv43;Lv1;we;246;3.5;8.77;1848;8.67;3029
LEO;VES;SKJ;S_C_1;Lv44;Lv1;wa;246;5;6.58;2725;8.67;3029
LEO;VES;GUD;G_C_6;Lv45;Lv1;ww;246;5;5.87;1925;8.67;3029
LEO;VES;SKJ;S_P_5;Lv46;Lv1;wa;246;5.5;6.58;2725;8.67;3029
LEO;VES;GUD;G_C_1;Lv47;Lv1;ww;246;5;5.87;1925;8.67;3029
LEO;VES;RAM;R_C_8;Lv48;Lv1;we;246;2.5;8.77;1848;8.67;3029
LEO;VES;SKJ;S_P_3;Lv49;Lv1;wa;246;2.5;6.58;2725;8.67;3029
LEO;VES;GUD;G_P_7;Lv50;Lv1;ww;246;3;5.87;1925;8.67;3029
LEO;VES;GUD;G_C_4;Lv51;Lv2;ww;246;5;5.87;1925;8.67;3029
LEO;VES;VES;V_C_2;Lv52;Lv2;c;246;6.5;8.67;3029;8.67;3029
LEO;VES;SKJ;S_P_5;Lv53;Lv2;wa;246;6;6.58;2725;8.67;3029
LEO;VES;SKJ;S_C_1;Lv54;Lv2;wa;246;4;6.58;2725;8.67;3029
LEO;VES;GUD;G_C_3;Lv55;Lv2;ww;246;4.5;5.87;1925;8.67;3029
LEO;VES;SKJ;S_C_6;Lv56;Lv2;wa;246;3;6.58;2725;8.67;3029
LEO;VES;VES;V_P_1;Lv57;Lv2;c;246;2.5;8.67;3029;8.67;3029
LEO;VES;VES;V_P_2;Lv58;Lv2;c;246;2.5;8.67;3029;8.67;3029
LEO;VES;GUD;G_P_4;Lv59;Lv2;ww;246;3.5;5.87;1925;8.67;3029
LEO;VES;SKJ;S_P_1;Lv60;Lv2;wa;246;4;6.58;2725;8.67;3029
LEO;VES;SKJ;S_C_7;Lv61;Lv2;wa;246;2.5;6.58;2725;8.67;3029
LEO;VES;VES;V_C_3;Lv62;Lv2;c;246;3.5;8.67;3029;8.67;3029
LEO;VES;GUD;G_C_6;Lv63;Lv2;ww;246;4;5.87;1925;8.67;3029
LEO;VES;GUD;G_C_7;Lv64;Lv2;ww;246;3;5.87;1925;8.67;3029
LEO;VES;RAM;R_C_3;Lv65;Lv2;we;246;3.5;8.77;1848;8.67;3029
LEO;VES;SKJ;S_C_4;Lv66;Lv2;wa;246;6;6.58;2725;8.67;3029
LEO;VES;GUD;G_C_5;Lv67;Lv2;ww;246;4.5;5.87;1925;8.67;3029
LEO;VES;GUD;G_P_3;Lv68;Lv2;ww;246;4;5.87;1925;8.67;3029
LEO;VES;GUD;G_P_1;Lv69;Lv2;ww;246;4;5.87;1925;8.67;3029
LEO;VES;VES;V_C_5;Lv70;Lv2;c;246;3;8.67;3029;8.67;3029
LEO;VES;SKJ;S_C_2;Lv71;Lv2;wa;246;5;6.58;2725;8.67;3029
LEO;VES;GUD;G_C_1;Lv72;Lv2;ww;246;6;5.87;1925;8.67;3029
LEO;VES;VES;V_C_1;Lv73;Lv2;c;246;2.5;8.67;3029;8.67;3029
LEO;VES;SKJ;S_C_9;Lv74;Lv2;wa;246;4;6.58;2725;8.67;3029
LEO;VES;VES;V_C_4;Lv75;Lv2;c;246;3;8.67;3029;8.67;3029
LEO;VES;GUD;G_P_6;Lv76;Lv2;ww;246;6;5.87;1925;8.67;3029
LEO;VES;SKJ;S_P_6;Lv77;Lv2;wa;246;8;6.58;2725;8.67;3029
LEO;VES;RAM;R_C_4;Lv78;Lv2;we;246;6.5;8.77;1848;8.67;3029
LEO;VES;GUD;G_P_5;Lv79;Lv2;ww;246;6.5;5.87;1925;8.67;3029
LEO;VES;GUD;G_C_2;Lv80;Lv2;ww;246;3;5.87;1925;8.67;3029
LEO;VES;RAM;R_C_2;Lv81;Lv2;we;246;9;8.77;1848;8.67;3029
LEO;VES;SKJ;S_P_3;Lv82;Lv2;wa;246;6.5;6.58;2725;8.67;3029
LEO;VES;VES;V_P_5;Lv83;Lv2;c;246;3;8.67;3029;8.67;3029
LEO;VES;SKJ;S_P_8;Lv84;Lv2;wa;246;4;6.58;2725;8.67;3029
LEO;VES;VES;V_P_4;Lv85;Lv2;c;246;4.5;8.67;3029;8.67;3029
LEO;VES;VES;V_P_3;Lv86;Lv2;c;246;NA;8.67;3029;8.67;3029
LEO;VES;RAM;R_P_5;Lv87;Lv2;we;246;4.5;8.77;1848;8.67;3029
LEO;VES;SKJ;S_P_4;Lv88;Lv2;wa;246;3;6.58;2725;8.67;3029
LEO;VES;RAM;R_P_1;Lv89;Lv2;we;246;4;8.77;1848;8.67;3029
LEO;VES;SKJ;S_P_2;Lv90;Lv2;wa;246;6;6.58;2725;8.67;3029
LEO;VES;RAM;R_C_5;Lv91;Lv2;we;246;6;8.77;1848;8.67;3029
LEO;VES;SKJ;S_C_8;Lv92;Lv2;wa;246;4;6.58;2725;8.67;3029
LEO;VES;GUD;G_P_2;Lv93;Lv2;ww;246;3.5;5.87;1925;8.67;3029
LEO;VES;RAM;R_P_4;Lv94;Lv2;we;246;2.5;8.77;1848;8.67;3029
LEO;VES;SKJ;S_P_7;Lv95;Lv2;wa;246;4;6.58;2725;8.67;3029
LEO;VES;RAM;R_P_2;Lv96;Lv2;we;246;5;8.77;1848;8.67;3029
LEO;VES;RAM;R_P_3;Lv97;Lv2;we;246;4.5;8.77;1848;8.67;3029
LEO;VES;SKJ;S_C_3;Lv98;Lv2;wa;246;3.5;6.58;2725;8.67;3029
LEO;VES;RAM;R_C_1;Lv99;Lv2;we;246;4.5;8.77;1848;8.67;3029
LEO;VES;SKJ;S_C_5;Lv100;Lv2;wa;246;2;6.58;2725;8.67;3029
LEO;VES;GUD;G_P_6;Lv101;Lv3;ww;246;5;5.87;1925;8.67;3029
LEO;VES;RAM;R_P_7;Lv102;Lv3;we;246;5;8.77;1848;8.67;3029
LEO;VES;RAM;R_C_4;Lv103;Lv3;we;246;3;8.77;1848;8.67;3029
LEO;VES;VES;V_C_2;Lv104;Lv3;c;246;3;8.67;3029;8.67;3029
LEO;VES;VES;V_P_1;Lv105;Lv3;c;246;5.5;8.67;3029;8.67;3029
LEO;VES;VES;V_P_5;Lv106;Lv3;c;246;5.5;8.67;3029;8.67;3029
LEO;VES;RAM;R_P_3;Lv107;Lv3;we;246;2.5;8.77;1848;8.67;3029
LEO;VES;GUD;G_P_2;Lv108;Lv3;ww;246;4;5.87;1925;8.67;3029
LEO;VES;RAM;R_P_1;Lv109;Lv3;we;246;3;8.77;1848;8.67;3029
LEO;VES;SKJ;S_P_4;Lv110;Lv3;wa;246;2.5;6.58;2725;8.67;3029
LEO;VES;VES;V_C_1;Lv111;Lv3;c;246;5;8.67;3029;8.67;3029
LEO;VES;VES;V_C_3;Lv112;Lv3;c;246;4;8.67;3029;8.67;3029
LEO;VES;GUD;G_C_2;Lv113;Lv3;ww;246;3.5;5.87;1925;8.67;3029
LEO;VES;SKJ;S_C_4;Lv114;Lv3;wa;246;3.5;6.58;2725;8.67;3029
LEO;VES;RAM;R_P_2;Lv115;Lv3;we;246;6;8.77;1848;8.67;3029
LEO;VES;GUD;G_C_4;Lv116;Lv3;ww;246;6.5;5.87;1925;8.67;3029
LEO;VES;GUD;G_P_1;Lv117;Lv3;ww;246;5.5;5.87;1925;8.67;3029
LEO;VES;GUD;G_C_1;Lv118;Lv3;ww;246;4;5.87;1925;8.67;3029
LEO;VES;SKJ;S_C_1;Lv119;Lv3;wa;246;2.5;6.58;2725;8.67;3029
LEO;VES;SKJ;S_P_1;Lv120;Lv3;wa;246;3;6.58;2725;8.67;3029
LEO;VES;VES;V_P_2;Lv121;Lv3;c;246;4;8.67;3029;8.67;3029
LEO;VES;RAM;R_C_7;Lv122;Lv3;we;246;5;8.77;1848;8.67;3029
LEO;VES;RAM;R_C_3;Lv123;Lv3;we;246;4.5;8.77;1848;8.67;3029
LEO;VES;SKJ;S_C_5;Lv124;Lv3;wa;246;4;6.58;2725;8.67;3029
LEO;VES;RAM;R_P_5;Lv125;Lv3;we;246;2.5;8.77;1848;8.67;3029
LEO;VES;RAM;R_P_6;Lv126;Lv3;we;246;5;8.77;1848;8.67;3029
LEO;VES;SKJ;S_C_2;Lv127;Lv3;wa;246;5;6.58;2725;8.67;3029
LEO;VES;VES;V_C_7;Lv128;Lv3;c;246;3;8.67;3029;8.67;3029
LEO;VES;VES;V_P_3;Lv129;Lv3;c;246;3.5;8.67;3029;8.67;3029
LEO;VES;RAM;R_C_1;Lv130;Lv3;we;246;3;8.77;1848;8.67;3029
LEO;VES;RAM;R_C_6;Lv131;Lv3;we;246;5.5;8.77;1848;8.67;3029
LEO;VES;GUD;G_C_3;Lv132;Lv3;ww;246;3;5.87;1925;8.67;3029
LEO;VES;VES;V_C_5;Lv133;Lv3;c;246;5;8.67;3029;8.67;3029
LEO;VES;RAM;R_C_2;Lv134;Lv3;we;246;4;8.77;1848;8.67;3029
LEO;VES;VES;V_P_6;Lv135;Lv3;c;246;2.5;8.67;3029;8.67;3029
LEO;VES;SKJ;S_P_5;Lv136;Lv3;wa;246;4.5;6.58;2725;8.67;3029
LEO;VES;GUD;G_P_4;Lv137;Lv3;ww;246;5;5.87;1925;8.67;3029
LEO;VES;VES;V_C_6;Lv138;Lv3;c;246;4;8.67;3029;8.67;3029
LEO;VES;GUD;G_C_5;Lv139;Lv3;ww;246;4;5.87;1925;8.67;3029
LEO;VES;SKJ;S_C_3;Lv140;Lv3;wa;246;3;6.58;2725;8.67;3029
LEO;VES;SKJ;S_P_3;Lv141;Lv3;wa;246;8;6.58;2725;8.67;3029
LEO;VES;GUD;G_C_6;Lv142;Lv3;ww;246;4;5.87;1925;8.67;3029
LEO;VES;SKJ;S_P_2;Lv143;Lv3;wa;246;3;6.58;2725;8.67;3029
LEO;VES;RAM;R_P_4;Lv144;Lv3;we;246;3;8.77;1848;8.67;3029
LEO;VES;SKJ;S_P_6;Lv145;Lv3;wa;246;4.5;6.58;2725;8.67;3029
LEO;VES;VES;V_C_4;Lv146;Lv3;c;246;5.5;8.67;3029;8.67;3029
LEO;VES;VES;V_P_4;Lv147;Lv3;c;246;4.5;8.67;3029;8.67;3029
LEO;VES;RAM;R_C_5;Lv148;Lv3;we;246;3.5;8.77;1848;8.67;3029
LEO;VES;GUD;G_P_5;Lv149;Lv3;ww;246;4.5;5.87;1925;8.67;3029
LEO;VES;GUD;G_P_3;Lv150;Lv3;ww;246;5;5.87;1925;8.67;3029
LEO;VES;GUD;G_C_2;Lv151;Lv4;ww;246;4.5;5.87;1925;8.67;3029
LEO;VES;GUD;G_C_7;Lv152;Lv4;ww;246;2.5;5.87;1925;8.67;3029
LEO;VES;SKJ;S_P_2;Lv153;Lv4;wa;246;4.5;6.58;2725;8.67;3029
LEO;VES;SKJ;S_P_5;Lv154;Lv4;wa;246;5;6.58;2725;8.67;3029
LEO;VES;GUD;G_P_4;Lv155;Lv4;ww;246;7;5.87;1925;8.67;3029
LEO;VES;VES;V_C_3;Lv156;Lv4;c;246;5;8.67;3029;8.67;3029
LEO;VES;VES;V_P_4;Lv157;Lv4;c;246;5;8.67;3029;8.67;3029
LEO;VES;RAM;R_C_2;Lv158;Lv4;we;246;6;8.77;1848;8.67;3029
LEO;VES;SKJ;S_C_2;Lv159;Lv4;wa;246;5;6.58;2725;8.67;3029
LEO;VES;VES;V_P_1;Lv160;Lv4;c;246;3.5;8.67;3029;8.67;3029
LEO;VES;SKJ;S_C_3;Lv161;Lv4;wa;246;3;6.58;2725;8.67;3029
LEO;VES;GUD;G_C_1;Lv162;Lv4;ww;246;4;5.87;1925;8.67;3029
LEO;VES;VES;V_P_2;Lv163;Lv4;c;246;4.5;8.67;3029;8.67;3029
LEO;VES;GUD;G_P_1;Lv164;Lv4;ww;246;3;5.87;1925;8.67;3029
LEO;VES;SKJ;S_P_1;Lv165;Lv4;wa;246;5;6.58;2725;8.67;3029
LEO;VES;GUD;G_C_6;Lv166;Lv4;ww;246;4;5.87;1925;8.67;3029
LEO;VES;RAM;R_P_3;Lv167;Lv4;we;246;2;8.77;1848;8.67;3029
LEO;VES;SKJ;S_C_5;Lv168;Lv4;wa;246;2.5;6.58;2725;8.67;3029
LEO;VES;VES;V_C_2;Lv169;Lv4;c;246;5;8.67;3029;8.67;3029
LEO;VES;RAM;R_C_1;Lv170;Lv4;we;246;2;8.77;1848;8.67;3029
LEO;VES;GUD;G_P_6;Lv171;Lv4;ww;246;3;5.87;1925;8.67;3029
LEO;VES;SKJ;S_C_1;Lv172;Lv4;wa;246;4;6.58;2725;8.67;3029
LEO;VES;RAM;R_P_1;Lv173;Lv4;we;246;6;8.77;1848;8.67;3029
LEO;VES;GUD;G_P_2;Lv174;Lv4;ww;246;4;5.87;1925;8.67;3029
LEO;VES;GUD;G_P_3;Lv175;Lv4;ww;246;3.5;5.87;1925;8.67;3029
LEO;VES;RAM;R_C_4;Lv176;Lv4;we;246;10;8.77;1848;8.67;3029
LEO;VES;RAM;R_P_4;Lv177;Lv4;we;246;5;8.77;1848;8.67;3029
LEO;VES;RAM;R_C_3;Lv178;Lv4;we;246;5;8.77;1848;8.67;3029
LEO;VES;SKJ;S_P_7;Lv179;Lv4;wa;246;5;6.58;2725;8.67;3029
LEO;VES;GUD;G_C_3;Lv180;Lv4;ww;246;3.5;5.87;1925;8.67;3029
LEO;VES;SKJ;S_C_6;Lv181;Lv4;wa;246;5;6.58;2725;8.67;3029
LEO;VES;VES;V_P_3;Lv182;Lv4;c;246;3;8.67;3029;8.67;3029
LEO;VES;VES;V_C_4;Lv183;Lv4;c;246;3.5;8.67;3029;8.67;3029
LEO;VES;GUD;G_P_8;Lv184;Lv4;ww;246;3;5.87;1925;8.67;3029
LEO;VES;SKJ;S_P_4;Lv185;Lv4;wa;246;5;6.58;2725;8.67;3029
LEO;VES;GUD;G_P_7;Lv186;Lv4;ww;246;3.5;5.87;1925;8.67;3029
LEO;VES;RAM;R_C_6;Lv187;Lv4;we;246;4;8.77;1848;8.67;3029
LEO;VES;GUD;G_C_5;Lv188;Lv4;ww;246;4;5.87;1925;8.67;3029
LEO;VES;SKJ;S_P_3;Lv189;Lv4;wa;246;3.5;6.58;2725;8.67;3029
LEO;VES;RAM;R_P_5;Lv190;Lv4;we;246;2.5;8.77;1848;8.67;3029
LEO;VES;GUD;G_C_8;Lv191;Lv4;ww;246;4.5;5.87;1925;8.67;3029
LEO;VES;VES;V_C_1;Lv192;Lv4;c;246;3.5;8.67;3029;8.67;3029
LEO;VES;SKJ;S_C_7;Lv193;Lv4;wa;246;5.5;6.58;2725;8.67;3029
LEO;VES;VES;V_P_5;Lv194;Lv4;c;246;3.5;8.67;3029;8.67;3029
LEO;VES;RAM;R_C_5;Lv195;Lv4;we;246;3.5;8.77;1848;8.67;3029
LEO;VES;GUD;G_P_5;Lv196;Lv4;ww;246;3;5.87;1925;8.67;3029
LEO;VES;SKJ;S_C_4;Lv197;Lv4;wa;246;3;6.58;2725;8.67;3029
LEO;VES;RAM;R_P_2;Lv198;Lv4;we;246;4.5;8.77;1848;8.67;3029
LEO;VES;GUD;G_C_4;Lv199;Lv4;ww;246;3;5.87;1925;8.67;3029
LEO;VES;SKJ;S_P_6;Lv200;Lv4;wa;246;3;6.58;2725;8.67;3029
LEO;VES;RAM;R_P_6;Lv201;Lv5;we;246;4;8.77;1848;8.67;3029
LEO;VES;SKJ;S_C_2;Lv202;Lv5;wa;246;3.5;6.58;2725;8.67;3029
LEO;VES;RAM;R_P_5;Lv203;Lv5;we;246;5;8.77;1848;8.67;3029
LEO;VES;SKJ;S_P_3;Lv204;Lv5;wa;246;4;6.58;2725;8.67;3029
LEO;VES;VES;V_C_1;Lv205;Lv5;c;246;5;8.67;3029;8.67;3029
LEO;VES;RAM;R_C_4;Lv206;Lv5;we;246;2;8.77;1848;8.67;3029
LEO;VES;GUD;G_P_5;Lv207;Lv5;ww;246;4.5;5.87;1925;8.67;3029
LEO;VES;SKJ;S_C_3;Lv208;Lv5;wa;246;2;6.58;2725;8.67;3029
LEO;VES;GUD;G_C_5;Lv209;Lv5;ww;246;5;5.87;1925;8.67;3029
LEO;VES;SKJ;S_P_4;Lv210;Lv5;wa;246;5;6.58;2725;8.67;3029
LEO;VES;RAM;R_P_3;Lv211;Lv5;we;246;4.5;8.77;1848;8.67;3029
LEO;VES;GUD;G_C_4;Lv212;Lv5;ww;246;4.5;5.87;1925;8.67;3029
LEO;VES;SKJ;S_P_6;Lv213;Lv5;wa;246;3.5;6.58;2725;8.67;3029
LEO;VES;VES;V_C_2;Lv214;Lv5;c;246;3;8.67;3029;8.67;3029
LEO;VES;GUD;G_P_4;Lv215;Lv5;ww;246;2;5.87;1925;8.67;3029
LEO;VES;RAM;R_C_2;Lv216;Lv5;we;246;3.5;8.77;1848;8.67;3029
LEO;VES;VES;V_P_3;Lv217;Lv5;c;246;2.5;8.67;3029;8.67;3029
LEO;VES;RAM;R_P_2;Lv218;Lv5;we;246;1.5;8.77;1848;8.67;3029
LEO;VES;VES;V_C_3;Lv219;Lv5;c;246;2.5;8.67;3029;8.67;3029
LEO;VES;GUD;G_P_3;Lv220;Lv5;ww;246;5;5.87;1925;8.67;3029
LEO;VES;RAM;R_C_3;Lv221;Lv5;we;246;2.5;8.77;1848;8.67;3029
LEO;VES;GUD;G_P_2;Lv222;Lv5;ww;246;4.5;5.87;1925;8.67;3029
LEO;VES;RAM;R_C_1;Lv223;Lv5;we;246;2.5;8.77;1848;8.67;3029
LEO;VES;SKJ;S_C_1;Lv224;Lv5;wa;246;3;6.58;2725;8.67;3029
LEO;VES;SKJ;S_C_5;Lv225;Lv5;wa;246;7;6.58;2725;8.67;3029
LEO;VES;RAM;R_C_5;Lv226;Lv5;we;246;3;8.77;1848;8.67;3029
LEO;VES;SKJ;S_P_1;Lv227;Lv5;wa;246;3;6.58;2725;8.67;3029
LEO;VES;VES;V_P_1;Lv228;Lv5;c;246;1;8.67;3029;8.67;3029
LEO;VES;VES;V_C_4;Lv229;Lv5;c;246;2.5;8.67;3029;8.67;3029
LEO;VES;GUD;G_C_1;Lv230;Lv5;ww;246;5;5.87;1925;8.67;3029
LEO;VES;SKJ;S_C_7;Lv231;Lv5;wa;246;4;6.58;2725;8.67;3029
LEO;VES;SKJ;S_C_6;Lv232;Lv5;wa;246;NA;6.58;2725;8.67;3029
LEO;VES;RAM;R_P_1;Lv233;Lv5;we;246;5;8.77;1848;8.67;3029
LEO;VES;VES;V_P_2;Lv234;Lv5;c;246;4;8.67;3029;8.67;3029
LEO;VES;GUD;G_P_6;Lv235;Lv5;ww;246;3;5.87;1925;8.67;3029
LEO;VES;GUD;G_P_1;Lv236;Lv5;ww;246;3;5.87;1925;8.67;3029
LEO;VES;SKJ;S_P_2;Lv237;Lv5;wa;246;5;6.58;2725;8.67;3029
LEO;VES;RAM;R_P_7;Lv238;Lv5;we;246;2;8.77;1848;8.67;3029
LEO;VES;GUD;G_C_2;Lv239;Lv5;ww;246;4;5.87;1925;8.67;3029
LEO;VES;VES;V_P_3;Lv240;Lv5;c;246;4;8.67;3029;8.67;3029
LEO;VES;GUD;G_C_3;Lv241;Lv5;ww;246;3.5;5.87;1925;8.67;3029
LEO;VES;VES;V_P_4;Lv242;Lv5;c;246;5;8.67;3029;8.67;3029
LEO;VES;SKJ;S_C_8;Lv243;Lv5;wa;246;3.5;6.58;2725;8.67;3029
LEO;VES;SKJ;S_P_7;Lv244;Lv5;wa;246;3;6.58;2725;8.67;3029
LEO;VES;GUD;G_P_7;Lv245;Lv5;ww;246;6;5.87;1925;8.67;3029
LEO;VES;SKJ;S_C_4;Lv246;Lv5;wa;246;3;6.58;2725;8.67;3029
LEO;VES;RAM;R_C_6;Lv247;Lv5;we;246;3;8.77;1848;8.67;3029
LEO;VES;VES;V_C_5;Lv248;Lv5;c;246;3;8.67;3029;8.67;3029
LEO;VES;RAM;R_P_4;Lv249;Lv5;we;246;4;8.77;1848;8.67;3029
LEO;VES;GUD;G_C_6;Lv250;Lv5;ww;246;5.5;5.87;1925;8.67;3029
LEO;VES;SKJ;S_P_2;Lv251;Lv6;wa;246;3.5;6.58;2725;8.67;3029
LEO;VES;GUD;G_C_6;Lv252;Lv6;ww;246;5;5.87;1925;8.67;3029
LEO;VES;SKJ;S_C_2;Lv253;Lv6;wa;246;5;6.58;2725;8.67;3029
LEO;VES;RAM;R_P_5;Lv254;Lv6;we;246;6.5;8.77;1848;8.67;3029
LEO;VES;GUD;G_C_3;Lv255;Lv6;ww;246;3.5;5.87;1925;8.67;3029
LEO;VES;VES;V_C_2;Lv256;Lv6;c;246;3;8.67;3029;8.67;3029
LEO;VES;SKJ;S_C_1;Lv257;Lv6;wa;246;2.5;6.58;2725;8.67;3029
LEO;VES;SKJ;S_P_3;Lv258;Lv6;wa;246;4.5;6.58;2725;8.67;3029
LEO;VES;SKJ;S_C_6;Lv259;Lv6;wa;246;4;6.58;2725;8.67;3029
LEO;VES;VES;V_P_3;Lv260;Lv6;c;246;3;8.67;3029;8.67;3029
LEO;VES;SKJ;S_C_3;Lv261;Lv6;wa;246;4;6.58;2725;8.67;3029
LEO;VES;VES;V_P_1;Lv262;Lv6;c;246;3;8.67;3029;8.67;3029
LEO;VES;SKJ;S_P_4;Lv263;Lv6;wa;246;5;6.58;2725;8.67;3029
LEO;VES;RAM;R_P_4;Lv264;Lv6;we;246;3;8.77;1848;8.67;3029
LEO;VES;RAM;R_P_6;Lv265;Lv6;we;246;NA;8.77;1848;8.67;3029
LEO;VES;VES;V_P_4;Lv266;Lv6;c;246;3;8.67;3029;8.67;3029
LEO;VES;RAM;R_C_3;Lv267;Lv6;we;246;4;8.77;1848;8.67;3029
LEO;VES;GUD;G_P_4;Lv268;Lv6;ww;246;2.5;5.87;1925;8.67;3029
LEO;VES;RAM;R_C_1;Lv269;Lv6;we;246;1.5;8.77;1848;8.67;3029
LEO;VES;SKJ;S_C_4;Lv270;Lv6;wa;246;2.5;6.58;2725;8.67;3029
LEO;VES;VES;V_C_1;Lv271;Lv6;c;246;5.5;8.67;3029;8.67;3029
LEO;VES;VES;V_C_3;Lv272;Lv6;c;246;2;8.67;3029;8.67;3029
LEO;VES;RAM;R_C_2;Lv273;Lv6;we;246;2;8.77;1848;8.67;3029
LEO;VES;RAM;R_C_5;Lv274;Lv6;we;246;5.5;8.77;1848;8.67;3029
LEO;VES;GUD;G_C_4;Lv275;Lv6;ww;246;5.5;5.87;1925;8.67;3029
LEO;VES;VES;V_P_2;Lv276;Lv6;c;246;3.5;8.67;3029;8.67;3029
LEO;VES;GUD;G_P_2;Lv277;Lv6;ww;246;3;5.87;1925;8.67;3029
LEO;VES;VES;V_C_5;Lv278;Lv6;c;246;2.5;8.67;3029;8.67;3029
LEO;VES;RAM;R_C_4;Lv279;Lv6;we;246;5.5;8.77;1848;8.67;3029
LEO;VES;GUD;G_P_1;Lv280;Lv6;ww;246;5;5.87;1925;8.67;3029
LEO;VES;GUD;G_C_2;Lv281;Lv6;ww;246;4;5.87;1925;8.67;3029
LEO;VES;RAM;R_C_6;Lv282;Lv6;we;246;2.5;8.77;1848;8.67;3029
LEO;VES;SKJ;S_P_6;Lv283;Lv6;wa;246;4;6.58;2725;8.67;3029
LEO;VES;GUD;G_P_5;Lv284;Lv6;ww;246;3.5;5.87;1925;8.67;3029
LEO;VES;RAM;R_P_1;Lv285;Lv6;we;246;4;8.77;1848;8.67;3029
LEO;VES;GUD;G_P_3;Lv286;Lv6;ww;246;5;5.87;1925;8.67;3029
LEO;VES;SKJ;S_P_5;Lv287;Lv6;wa;246;4;6.58;2725;8.67;3029
LEO;VES;GUD;G_P_6;Lv288;Lv6;ww;246;4;5.87;1925;8.67;3029
LEO;VES;VES;V_P_5;Lv289;Lv6;c;246;3;8.67;3029;8.67;3029
LEO;VES;GUD;G_P_7;Lv290;Lv6;ww;246;6;5.87;1925;8.67;3029
LEO;VES;RAM;R_P_7;Lv291;Lv6;we;246;4.5;8.77;1848;8.67;3029
LEO;VES;SKJ;S_P_7;Lv292;Lv6;wa;246;3;6.58;2725;8.67;3029
LEO;VES;SKJ;S_P_1;Lv293;Lv6;wa;246;3.5;6.58;2725;8.67;3029
LEO;VES;GUD;G_C_5;Lv294;Lv6;ww;246;4;5.87;1925;8.67;3029
LEO;VES;VES;V_C_4;Lv295;Lv6;c;246;3;8.67;3029;8.67;3029
LEO;VES;GUD;G_C_1;Lv296;Lv6;ww;246;3;5.87;1925;8.67;3029
LEO;VES;SKJ;S_C_5;Lv297;Lv6;wa;246;4;6.58;2725;8.67;3029
LEO;VES;RAM;R_P_3;Lv298;Lv6;we;246;2;8.77;1848;8.67;3029
LEO;VES;RAM;R_P_2;Lv299;Lv6;we;246;5;8.77;1848;8.67;3029
LEO;VES;RAM;R_C_7;Lv300;Lv6;we;246;2.5;8.77;1848;8.67;3029